hour,failed_attempts,session_duration_min,bytes_in,country,device,vpn_used,new_device,ip_reputation,suspicious
2,2,49.38,751.0,IN,Windows,0,0,88.6,0
18,1,65.65,1839.0,US,Linux,1,1,77.43,0
15,2,26.56,8178.0,IN,macOS,0,0,33.64,0
10,0,25.49,4531.0,RU,Linux,0,0,60.33,0
10,1,55.48,3513.0,IN,Windows,0,0,71.95,0
20,3,29.03,668.0,IN,Linux,0,0,65.75,0
2,2,32.93,4863.0,US,Android,0,0,30.97,0
16,1,7.86,2068.0,IN,Windows,0,0,65.3,0
4,1,50.82,2753.0,IN,macOS,0,0,53.25,0
2,1,,9702.0,US,Windows,1,0,80.63,0
12,1,24.41,2157.0,RU,Linux,1,0,78.64,0
23,0,65.43,2329.0,DE,macOS,0,0,79.42,1
17,2,43.81,5701.0,IN,Windows,1,0,63.35,0
18,1,9.69,9876.0,IN,macOS,0,0,70.37,0
17,0,27.11,3561.0,US,macOS,0,0,68.49,0
18,0,25.87,15895.0,GB,Windows,0,0,86.45,0
12,3,38.67,1767.0,CN,Android,0,0,60.4,0
3,0,53.39,1536.0,IN,Android,0,0,56.37,0
20,1,81.98,1434.0,US,Linux,1,0,87.31,0
10,3,16.38,1311.0,CN,Windows,0,0,84.78,0
12,2,35.3,6433.0,IN,Linux,1,0,78.39,0
8,1,27.08,2248.0,CN,Windows,0,0,98.43,0
4,1,,1591.0,IN,Windows,0,0,100.0,0
22,3,46.91,6660.0,DE,macOS,1,0,92.15,0
18,1,45.03,9501.0,IN,iOS,0,0,56.55,0
15,0,8.72,11392.0,SG,Windows,0,0,84.96,0
9,0,45.36,9899.0,RU,macOS,0,0,71.98,0
19,1,20.89,2358.0,IN,macOS,1,0,59.88,0
13,0,45.24,6130.0,DE,macOS,0,1,56.66,0
10,2,70.39,7314.0,IN,Android,1,1,74.85,1
10,1,54.26,3361.0,IN,Windows,0,1,84.7,0
5,2,48.55,5607.0,US,Linux,0,0,94.83,0
2,5,34.42,1806.0,US,Windows,1,1,82.13,1
13,2,46.34,2975.0,IN,Windows,0,0,80.33,0
21,0,56.27,6617.0,IN,Linux,0,0,66.29,0
1,0,54.28,16416.0,IN,Windows,0,0,73.9,0
20,3,43.02,12347.0,IN,Windows,0,0,43.09,0
19,0,49.35,8339.0,IN,Windows,0,0,80.17,0
6,1,18.67,5238.0,IN,Windows,0,0,77.77,0
15,5,30.31,4628.0,,Linux,0,1,100.0,1
3,0,59.15,1544.0,IN,Windows,0,0,69.29,0
18,0,61.84,2519.0,RU,Windows,1,0,91.44,0
16,1,46.87,2586.0,IN,macOS,1,0,61.46,0
8,0,74.58,7784.0,IN,macOS,0,0,100.0,0
1,1,55.16,10467.0,IN,iOS,0,0,96.09,0
23,4,40.34,8860.0,IN,iOS,0,0,90.37,0
10,1,20.6,12659.0,GB,Android,0,0,71.08,0
21,1,73.77,5207.0,IN,macOS,0,1,66.0,0
16,0,60.41,2239.0,IN,Windows,0,0,63.32,0
18,2,80.97,4722.0,IN,Windows,0,0,52.49,0
18,1,88.34,2752.0,DE,iOS,0,0,78.42,0
4,1,19.26,8319.0,IN,iOS,0,0,65.53,0
8,0,19.31,3688.0,IN,Linux,1,1,76.89,0
11,0,,4542.0,,Linux,0,1,73.06,0
11,1,63.37,8560.0,US,Windows,0,0,,0
1,1,58.13,2717.0,CN,Windows,0,0,89.1,0
13,0,46.96,10627.0,IN,Linux,0,1,71.73,0
3,1,20.48,1672.0,IN,Windows,0,0,85.52,0
17,2,43.22,6281.0,IN,Linux,0,0,49.02,0
16,1,48.69,4570.0,CN,Android,0,1,56.25,0
22,0,60.65,9527.0,,Android,0,0,62.94,0
17,3,50.46,1637.0,SG,Android,0,0,74.37,0
8,1,58.28,1444.0,DE,Windows,0,0,68.14,0
23,1,42.52,8956.0,IN,Linux,0,1,94.56,0
9,1,68.63,3595.0,DE,macOS,0,1,88.62,0
7,3,57.63,4570.0,US,Linux,0,1,56.84,0
21,1,21.26,2899.0,IN,iOS,1,0,100.0,0
8,0,72.78,10201.0,IN,Windows,0,0,68.47,0
1,1,69.51,6244.0,IN,Windows,0,0,93.24,0
11,0,54.31,5958.0,IN,Linux,0,0,64.88,0
19,0,50.61,1928.0,DE,Linux,1,0,81.25,0
4,1,78.17,7341.0,GB,Linux,0,0,87.1,0
11,0,12.33,2222.0,SG,Windows,0,0,42.92,0
3,1,69.82,2902.0,US,Windows,0,0,100.0,0
16,2,35.48,1649.0,IN,Linux,0,1,55.94,0
11,2,66.9,4336.0,IN,macOS,1,0,63.72,1
7,0,47.41,11517.0,SG,Windows,0,0,59.11,0
5,0,20.14,5892.0,IN,Android,0,0,59.79,0
13,0,35.07,3451.0,IN,macOS,0,0,60.64,0
16,3,65.43,5363.0,GB,Windows,0,0,48.51,0
22,2,40.8,5340.0,DE,Windows,0,1,83.7,0
10,2,32.57,5182.0,IN,Windows,1,0,72.07,0
3,2,32.44,5664.0,US,Windows,0,0,67.51,0
19,1,57.84,2139.0,IN,macOS,0,0,88.29,0
15,0,80.01,5352.0,DE,iOS,1,0,100.0,0
16,0,2.18,1207.0,DE,Windows,0,1,41.92,0
2,2,101.01,7789.0,,Windows,0,0,99.22,0
7,0,49.07,2034.0,IN,Android,0,0,69.58,0
18,0,56.6,12608.0,US,Linux,1,0,45.68,1
19,0,36.27,695.0,IN,Linux,0,0,77.43,0
10,2,44.93,18761.0,IN,Linux,0,0,67.9,0
19,1,48.85,1324.0,CN,Windows,0,0,85.49,0
20,0,24.02,1882.0,IN,Windows,1,0,72.62,0
9,0,28.89,6243.0,US,iOS,1,0,76.42,1
21,6,68.69,8062.0,IN,macOS,0,0,62.17,0
6,0,13.95,3918.0,US,Windows,0,0,51.49,0
5,0,53.82,10038.0,US,iOS,0,0,83.35,0
16,0,37.59,2599.0,IN,Linux,0,0,60.55,0
15,0,25.79,3570.0,GB,Windows,0,0,77.24,0
3,1,84.44,3860.0,CN,iOS,0,0,96.75,0
19,2,25.91,3195.0,SG,macOS,0,1,67.12,0
4,1,,1046.0,CN,macOS,1,0,82.6,0
19,0,41.26,4819.0,IN,Windows,0,1,69.45,0
0,0,29.63,4483.0,CN,Windows,1,0,63.44,0
19,1,45.13,11644.0,IN,iOS,0,0,41.88,0
18,3,48.11,1757.0,IN,Windows,0,0,69.29,0
18,2,49.69,2947.0,IN,Android,0,0,67.04,0
15,2,42.52,12872.0,IN,macOS,1,0,54.33,0
11,0,30.96,6214.0,DE,Windows,0,0,33.37,1
16,1,57.87,7627.0,IN,Android,0,0,39.94,0
6,0,42.77,7064.0,,iOS,0,0,100.0,0
18,0,35.09,7089.0,IN,Android,1,0,70.68,0
13,1,74.6,21096.0,IN,Linux,0,0,44.15,0
11,1,42.57,5288.0,RU,Linux,0,0,59.16,0
12,3,66.84,2188.0,US,Windows,0,0,70.18,0
13,0,69.54,8193.0,IN,Windows,1,0,78.08,0
0,1,70.75,3124.0,DE,iOS,1,0,65.8,1
3,4,58.82,4501.0,SG,iOS,0,0,100.0,0
5,0,44.99,6609.0,IN,Windows,0,0,100.0,0
2,1,43.72,2548.0,IN,macOS,0,0,76.89,0
10,1,40.12,3267.0,CN,iOS,0,0,63.41,0
16,1,2.0,7192.0,IN,macOS,0,0,76.89,0
15,0,59.38,3169.0,IN,Windows,1,0,46.08,0
11,0,49.89,10708.0,IN,Windows,0,0,87.99,0
20,1,61.51,2233.0,IN,Linux,0,0,73.09,0
13,1,42.66,2227.0,CN,iOS,0,0,48.27,0
1,0,58.3,22581.0,,Windows,0,0,59.48,0
18,0,17.45,1445.0,US,Windows,1,1,80.32,1
13,2,21.61,4811.0,GB,Android,0,1,40.03,1
15,3,2.0,21616.0,SG,Android,0,0,53.92,0
13,2,42.31,4804.0,US,iOS,0,0,61.61,0
13,1,29.55,14435.0,GB,Android,0,0,87.55,0
2,0,26.93,8283.0,CN,Linux,1,0,100.0,0
13,1,51.69,4887.0,IN,iOS,1,0,76.82,0
19,0,36.49,4427.0,IN,macOS,0,0,13.12,0
7,0,16.34,902.0,DE,macOS,0,0,49.9,0
14,0,95.9,3807.0,DE,Windows,0,0,100.0,0
0,2,44.26,5918.0,IN,Linux,0,0,72.83,0
8,0,23.34,5915.0,IN,Windows,0,0,23.08,0
10,1,31.6,35337.0,GB,Android,0,1,100.0,0
23,2,41.54,6153.0,IN,Windows,1,0,45.95,0
5,3,41.5,8137.0,RU,Windows,0,0,80.32,1
6,1,71.04,12481.0,SG,iOS,1,0,49.37,0
9,1,43.41,7573.0,IN,Android,0,0,100.0,0
23,0,82.1,4588.0,GB,macOS,0,0,44.5,0
20,2,36.35,4606.0,GB,macOS,0,0,59.46,0
0,0,53.53,3713.0,IN,Windows,0,0,88.88,0
5,0,65.44,7012.0,IN,Windows,0,0,60.04,1
19,1,68.9,4289.0,IN,Android,0,0,78.75,0
1,3,71.24,8103.0,,Android,1,0,84.95,1
20,0,39.56,2192.0,RU,Windows,1,1,73.19,1
6,0,44.89,5527.0,IN,Windows,0,1,50.0,0
22,1,2.0,17012.0,SG,Windows,0,0,55.83,0
7,0,41.08,4106.0,US,Linux,0,0,63.1,0
10,1,66.83,21470.0,IN,Windows,1,0,80.57,0
15,2,62.94,5602.0,IN,Windows,1,0,84.61,0
3,2,43.27,4698.0,RU,Linux,1,0,73.69,1
13,2,78.98,5395.0,IN,Linux,0,0,82.64,0
12,1,37.32,3831.0,GB,macOS,1,0,41.35,0
18,0,30.68,1008.0,US,Windows,0,0,75.36,0
23,0,35.64,9938.0,US,Windows,0,0,68.83,0
15,1,22.55,28401.0,IN,Windows,0,0,78.91,0
9,2,57.45,7218.0,IN,macOS,0,0,83.54,0
9,1,50.77,7578.0,RU,Windows,1,0,51.08,0
10,1,57.2,4247.0,IN,iOS,0,1,68.02,0
19,0,36.71,12410.0,IN,Windows,1,1,94.02,0
7,2,43.84,4763.0,IN,Android,0,0,75.47,0
4,2,2.0,6086.0,DE,Windows,0,0,68.2,0
8,0,52.52,1405.0,IN,macOS,1,0,48.08,0
0,0,46.98,3218.0,DE,macOS,0,0,79.77,0
2,0,22.99,6594.0,IN,Windows,0,0,44.98,0
2,1,42.91,10155.0,US,Windows,0,0,66.79,0
18,1,39.84,10383.0,RU,Windows,1,1,61.16,0
17,2,80.29,1389.0,US,Linux,1,0,77.08,0
16,1,23.78,1507.0,GB,iOS,1,0,59.22,0
11,2,51.63,7842.0,GB,Linux,0,0,64.09,0
17,1,23.18,2704.0,DE,macOS,1,0,53.61,0
3,1,33.84,10053.0,IN,Windows,0,1,65.53,0
21,2,50.54,1334.0,GB,Linux,0,0,73.87,0
12,1,40.77,4543.0,IN,macOS,0,0,63.75,0
22,1,44.88,4782.0,IN,Windows,1,0,,0
3,0,51.65,7218.0,IN,Windows,0,0,72.96,1
11,3,35.13,2154.0,IN,Windows,1,0,88.02,0
16,3,62.68,1019.0,IN,Windows,1,1,83.4,1
11,3,38.89,5636.0,DE,iOS,0,1,46.71,1
10,0,43.05,7489.0,US,Windows,0,1,83.81,1
3,0,52.23,11003.0,IN,Windows,0,0,94.62,0
9,2,49.54,3689.0,IN,Windows,0,0,82.7,0
5,2,57.88,9141.0,US,Windows,0,1,26.56,1
7,0,51.34,7249.0,US,Windows,1,0,74.77,0
16,2,54.38,14156.0,DE,Windows,0,0,94.9,0
15,4,38.49,4702.0,IN,Windows,1,0,61.92,0
14,1,23.62,1232.0,SG,Windows,0,0,100.0,0
8,1,16.45,4656.0,IN,Android,1,0,30.76,0
23,1,11.59,5275.0,US,Linux,1,1,72.63,0
2,1,80.25,7439.0,IN,macOS,0,1,83.02,0
8,0,2.0,1442.0,IN,Windows,0,0,73.1,0
2,0,68.87,3829.0,CN,Windows,1,1,72.77,1
8,2,28.58,9843.0,RU,iOS,1,0,51.28,0
23,2,68.73,4522.0,IN,Windows,1,0,59.64,1
8,1,2.0,3848.0,IN,Linux,0,0,80.33,0
21,0,40.3,22585.0,RU,Windows,1,0,31.95,1
11,1,74.08,2088.0,IN,Windows,0,0,86.3,0
16,4,59.26,13181.0,RU,Linux,0,0,67.95,0
10,1,38.25,11126.0,IN,Linux,0,0,79.94,0
6,0,6.14,4105.0,IN,Windows,0,0,85.23,0
18,1,18.55,4787.0,IN,Linux,0,0,100.0,0
23,1,72.78,4773.0,US,Linux,0,1,95.18,0
6,1,38.04,5685.0,IN,Linux,0,0,48.37,0
18,0,43.56,3054.0,IN,Android,0,0,100.0,0
6,0,50.67,3489.0,RU,macOS,0,0,21.16,0
17,2,18.94,3699.0,IN,Windows,0,0,62.01,0
18,2,53.15,3795.0,GB,Windows,0,1,73.12,0
10,3,36.61,3833.0,IN,macOS,1,1,64.17,1
17,0,50.87,818.0,US,Windows,0,0,75.07,0
6,4,33.44,5314.0,IN,iOS,0,0,66.96,0
1,2,13.54,3223.0,GB,Android,1,1,93.13,0
2,0,36.45,1104.0,DE,Windows,1,0,61.32,0
10,0,57.82,3714.0,RU,Android,0,0,67.92,0
21,3,52.88,3624.0,RU,Windows,0,0,100.0,0
3,1,45.62,13632.0,IN,Windows,0,0,87.43,0
10,1,62.96,3193.0,IN,iOS,0,0,,0
16,1,40.93,8385.0,IN,macOS,1,0,78.5,0
4,1,46.13,14857.0,DE,Linux,1,0,100.0,0
17,4,35.4,2974.0,IN,Android,0,0,45.08,0
7,3,64.13,4732.0,SG,Windows,0,0,50.43,0
19,3,50.83,19594.0,CN,macOS,1,0,59.66,0
13,1,33.86,5903.0,IN,iOS,1,1,73.91,0
13,0,15.22,6628.0,IN,Android,0,0,87.43,0
4,2,67.1,3548.0,US,Linux,0,0,56.23,0
11,3,30.12,8515.0,IN,Windows,0,0,53.05,0
20,2,46.44,4761.0,IN,Android,0,0,46.39,0
0,0,92.05,1135.0,IN,Windows,0,0,53.04,0
18,2,61.03,3699.0,RU,iOS,0,0,58.2,0
11,2,77.22,1907.0,GB,Windows,0,0,31.06,0
17,0,34.24,5376.0,IN,Windows,0,0,59.9,0
15,6,66.42,2360.0,IN,Windows,0,0,51.11,1
10,0,45.53,7205.0,DE,Linux,0,1,67.05,0
7,2,52.32,5094.0,IN,Windows,0,0,100.0,0
15,1,85.42,1811.0,RU,Windows,0,0,41.32,0
3,1,39.43,3314.0,US,iOS,1,0,88.25,0
14,1,45.39,8074.0,CN,Windows,1,0,100.0,0
2,0,26.94,12313.0,DE,macOS,0,0,87.37,0
15,2,62.77,2388.0,RU,Linux,0,1,76.16,1
15,0,33.79,2043.0,DE,macOS,0,1,93.65,0
2,1,65.45,23407.0,US,Linux,0,0,81.39,0
18,2,12.0,4877.0,IN,Android,0,0,89.99,0
9,1,55.97,5288.0,DE,Linux,1,0,72.14,0
18,1,32.13,2720.0,US,Linux,0,0,50.91,0
0,2,59.61,5838.0,IN,Windows,1,0,90.95,0
4,1,44.73,19382.0,US,Linux,0,1,100.0,1
11,2,34.29,6024.0,IN,Windows,0,0,63.87,0
4,3,37.27,11522.0,IN,Linux,1,0,70.41,0
7,1,27.99,5030.0,IN,Linux,0,0,72.02,0
15,3,61.76,2163.0,IN,Android,0,0,43.56,0
3,2,,2845.0,IN,Linux,1,0,54.73,1
16,1,39.66,2010.0,SG,macOS,0,1,75.48,0
2,4,51.9,5850.0,US,Windows,0,0,68.31,0
4,1,77.27,13084.0,RU,macOS,1,0,70.3,1
14,0,44.81,5590.0,CN,iOS,0,0,70.48,0
19,1,40.15,3842.0,IN,Linux,1,0,67.91,0
4,1,50.47,2613.0,US,Windows,0,0,56.22,0
7,1,3.53,6531.0,IN,macOS,0,0,77.83,0
22,1,21.03,1825.0,SG,Windows,0,0,75.91,0
23,2,37.49,1984.0,IN,Linux,0,0,54.16,0
13,3,30.74,10098.0,IN,Windows,1,0,77.47,0
10,2,12.98,3936.0,IN,Linux,0,0,58.78,0
8,1,62.16,3874.0,GB,Android,0,0,81.76,0
14,1,50.2,4293.0,IN,Windows,0,0,69.22,0
14,0,47.81,8784.0,IN,Linux,0,0,77.1,0
7,5,31.12,5611.0,RU,Windows,0,0,73.17,0
0,0,46.59,2712.0,IN,Windows,0,0,68.99,0
3,1,55.29,2791.0,GB,macOS,0,0,75.89,0
23,1,39.7,4205.0,GB,macOS,0,0,85.16,0
10,0,53.89,6259.0,IN,Android,1,0,72.17,0
11,0,29.08,4777.0,IN,Windows,0,0,71.88,0
11,0,46.95,4449.0,IN,Windows,1,0,63.63,0
18,0,67.85,5100.0,CN,Linux,0,0,37.26,0
1,1,69.64,4774.0,GB,Linux,0,0,70.61,0
1,3,71.55,2633.0,IN,macOS,0,0,47.21,0
6,1,50.71,11916.0,SG,macOS,0,0,59.81,0
11,2,45.63,3341.0,IN,Android,1,0,54.41,0
16,0,36.02,5450.0,IN,Windows,1,0,57.08,0
11,2,8.85,946.0,IN,iOS,0,0,58.21,0
10,3,18.1,4138.0,DE,iOS,1,0,78.74,0
22,0,41.64,2039.0,IN,Windows,0,1,75.99,0
3,0,42.83,2246.0,GB,Windows,0,0,72.0,0
13,2,73.24,34124.0,IN,macOS,0,0,91.77,0
13,1,71.3,6001.0,DE,Linux,1,0,100.0,0
11,1,31.27,13106.0,SG,Windows,0,0,79.13,1
19,2,61.37,9742.0,IN,Windows,0,0,86.35,1
6,0,35.46,10792.0,IN,Linux,1,0,75.05,0
22,1,58.65,4191.0,GB,Android,0,0,81.66,0
7,0,61.12,17767.0,IN,Android,0,1,40.76,0
13,1,69.84,9675.0,IN,iOS,0,0,21.32,0
12,1,35.15,5080.0,US,Linux,0,0,31.95,0
20,1,65.29,6067.0,US,Android,0,0,58.76,0
10,0,7.54,4406.0,SG,Windows,0,0,94.6,0
6,1,70.92,5125.0,IN,Linux,0,0,74.6,0
0,1,44.5,4746.0,IN,iOS,0,0,62.97,1
8,0,44.93,6669.0,GB,Android,0,0,80.25,0
19,2,4.25,19771.0,DE,macOS,0,1,76.36,0
0,0,37.23,1874.0,IN,Windows,1,0,45.61,1
21,3,72.11,12257.0,IN,Windows,0,0,78.44,0
13,1,36.47,3661.0,IN,macOS,0,0,84.98,0
3,0,59.27,13572.0,IN,Windows,0,0,100.0,0
7,1,45.69,3764.0,CN,Windows,0,1,68.57,0
13,1,66.25,6838.0,IN,Android,0,0,100.0,0
7,0,48.83,4328.0,US,Windows,1,0,62.71,0
2,1,26.36,1231.0,IN,Linux,0,0,100.0,0
15,1,46.13,19755.0,IN,Windows,1,0,59.29,0
16,1,77.02,2312.0,DE,Windows,0,0,81.57,0
2,0,54.95,5256.0,US,Windows,1,1,75.16,0
6,1,42.67,2118.0,IN,Windows,0,0,,0
5,1,90.11,1686.0,IN,Linux,0,0,94.39,0
15,0,68.18,4172.0,IN,Linux,0,0,51.24,0
17,0,61.33,3057.0,IN,Linux,1,1,63.95,0
17,2,51.35,1929.0,DE,Android,0,1,100.0,1
22,1,59.61,4777.0,IN,Linux,1,1,71.78,1
18,1,60.25,1502.0,IN,macOS,0,0,84.65,0
7,2,2.0,5434.0,US,macOS,1,0,50.73,0
2,0,52.9,4439.0,SG,Linux,0,0,65.57,0
14,0,41.78,676.0,IN,Windows,0,0,57.24,0
21,0,35.0,3234.0,US,iOS,0,0,86.67,0
23,2,41.09,7149.0,IN,Linux,0,0,83.28,0
5,2,13.88,2099.0,IN,Linux,0,0,92.02,0
5,0,8.91,7401.0,IN,Linux,0,0,50.46,0
0,1,69.93,6948.0,DE,Android,0,0,,0
3,2,54.24,2177.0,IN,Linux,0,0,70.36,0
13,5,2.0,4867.0,CN,Linux,0,0,26.0,1
13,3,33.47,9509.0,IN,Linux,0,0,78.34,0
8,2,62.61,2438.0,SG,macOS,0,0,93.26,0
7,3,39.4,4169.0,IN,Windows,1,0,98.27,0
19,4,69.9,12335.0,IN,iOS,0,0,69.36,0
11,1,66.0,2475.0,DE,Android,1,0,84.93,0
19,1,17.87,7096.0,IN,Windows,0,0,,0
23,2,42.13,2073.0,US,Windows,0,0,56.32,0
7,0,36.04,4321.0,SG,iOS,0,0,53.86,0
4,0,17.22,7026.0,GB,Windows,0,0,69.14,0
22,2,15.91,718.0,SG,Windows,0,0,65.76,0
15,1,28.88,3205.0,IN,Windows,0,0,71.59,0
6,1,32.18,6929.0,US,Windows,0,0,62.48,0
14,0,50.66,5888.0,US,Linux,0,0,73.82,0
12,0,65.88,3236.0,US,macOS,1,0,50.8,0
21,1,55.27,2031.0,US,macOS,0,1,97.42,0
6,2,60.01,8126.0,DE,Windows,0,0,37.24,0
23,0,39.67,3797.0,SG,Linux,0,0,68.54,0
22,0,57.06,7603.0,IN,Windows,0,0,66.34,0
4,1,42.03,6662.0,IN,macOS,1,0,67.56,0
3,2,36.17,3436.0,IN,Linux,1,0,54.81,0
12,0,82.94,11592.0,IN,iOS,0,0,42.8,0
1,0,2.0,3055.0,GB,Android,1,0,74.33,1
7,2,7.53,12738.0,IN,macOS,0,0,66.31,0
10,4,52.65,14144.0,IN,Linux,0,1,76.92,1
23,3,39.7,11385.0,RU,Linux,0,0,40.3,0
23,0,16.26,4254.0,RU,Linux,0,1,100.0,0
3,2,23.91,37709.0,US,Android,0,1,68.56,0
21,2,26.51,5550.0,IN,iOS,0,0,15.25,0
2,3,62.85,5960.0,IN,iOS,0,0,73.4,0
17,1,69.25,4829.0,IN,Linux,0,1,,0
20,0,77.79,1991.0,IN,macOS,1,0,49.6,0
21,1,13.22,13850.0,IN,Linux,1,0,92.18,0
5,0,17.66,3109.0,DE,Windows,0,0,86.73,0
21,2,16.29,10257.0,IN,macOS,1,0,76.15,0
2,2,70.78,12427.0,IN,iOS,0,0,71.39,0
12,0,53.34,7964.0,,Android,0,0,79.09,0
11,0,46.6,2825.0,IN,Android,1,0,41.6,0
7,1,49.59,3741.0,IN,Linux,0,0,73.45,0
0,0,43.86,577.0,IN,macOS,0,0,92.28,0
18,0,22.58,4478.0,IN,macOS,1,0,88.72,0
8,4,55.26,9341.0,US,Linux,0,0,51.09,1
15,0,41.28,4064.0,IN,Windows,0,0,73.34,0
9,1,20.99,3065.0,IN,Linux,1,0,49.79,0
8,1,56.49,3873.0,SG,Windows,0,1,72.83,0
21,1,36.48,12995.0,SG,macOS,0,0,56.46,0
2,3,49.55,4706.0,,iOS,1,0,54.34,0
17,1,42.5,21727.0,SG,macOS,1,0,76.45,0
17,2,62.83,3113.0,IN,Windows,1,0,56.94,0
9,2,49.4,5848.0,IN,Linux,0,0,55.7,0
6,1,27.33,3475.0,US,Linux,1,1,76.33,1
0,1,51.44,25838.0,IN,macOS,0,0,43.33,0
22,0,52.09,5675.0,IN,Windows,0,1,64.2,0
22,2,55.23,26969.0,CN,Linux,0,1,42.33,0
5,1,65.72,3512.0,IN,Android,0,1,45.61,0
0,2,32.68,16682.0,IN,Windows,0,0,91.07,0
2,2,58.36,5401.0,IN,macOS,1,0,62.51,0
1,2,,9598.0,RU,Android,0,0,57.09,1
19,0,42.6,1852.0,IN,Android,0,1,85.32,0
21,1,39.51,6495.0,RU,iOS,0,1,99.09,0
3,1,73.96,2090.0,IN,Android,0,1,74.53,1
17,1,41.87,6037.0,DE,Linux,0,0,88.37,0
4,2,57.16,1459.0,IN,Linux,1,0,60.07,1
8,0,9.76,4558.0,,Windows,0,0,70.98,0
14,1,37.96,11807.0,IN,Windows,0,0,70.13,0
17,1,28.07,7616.0,IN,macOS,0,0,75.83,0
20,2,94.51,1831.0,IN,Windows,0,0,87.36,0
1,0,31.66,1076.0,IN,Windows,0,0,43.55,0
4,1,46.47,7314.0,US,Android,0,0,53.98,0
6,1,47.53,17413.0,US,Windows,0,0,61.27,0
7,0,13.21,2273.0,IN,Windows,0,0,52.54,0
23,0,34.48,26316.0,GB,macOS,0,0,74.14,0
18,2,53.1,4889.0,DE,Windows,0,0,73.91,0
7,1,46.71,1026.0,CN,Linux,0,0,71.05,0
23,1,2.0,1410.0,IN,Windows,0,0,62.75,0
11,3,33.66,9099.0,IN,macOS,0,0,94.26,0
12,0,65.42,5452.0,CN,macOS,0,0,73.9,0
10,3,56.76,16087.0,CN,macOS,0,1,67.3,0
3,0,69.36,1885.0,RU,Windows,0,0,71.2,1
22,2,25.29,5403.0,US,macOS,1,0,83.4,0
0,2,70.62,4941.0,US,Windows,0,0,73.85,0
4,1,44.11,4383.0,RU,Linux,1,0,54.44,0
5,0,76.84,3619.0,IN,Windows,0,1,100.0,0
6,0,45.07,3677.0,IN,Windows,1,0,78.32,1
3,3,4.05,5652.0,CN,Windows,1,0,49.26,0
0,3,61.99,6261.0,SG,Windows,0,1,37.31,1
16,2,36.13,6015.0,IN,Windows,0,0,82.4,0
23,2,37.48,12898.0,IN,Windows,0,1,93.27,1
2,1,15.94,1880.0,RU,Android,0,1,78.14,1
7,2,77.44,1154.0,IN,Linux,1,0,81.03,0
12,0,34.58,11087.0,GB,macOS,0,1,81.48,0
22,1,76.5,2310.0,IN,Windows,1,0,70.09,0
16,1,36.38,3628.0,IN,Windows,1,0,39.73,0
18,1,26.45,3012.0,DE,iOS,0,0,57.42,0
13,1,71.39,2961.0,CN,Windows,0,1,84.3,0
10,2,43.53,1531.0,US,Android,1,0,,0
4,1,43.73,3116.0,IN,macOS,0,0,66.48,0
20,1,19.37,8262.0,IN,Linux,1,0,60.13,0
19,1,35.85,4899.0,IN,macOS,0,0,73.13,0
0,1,53.57,7358.0,CN,macOS,0,0,63.82,0
17,0,19.02,3305.0,IN,Android,0,0,68.57,0
2,0,34.22,10120.0,CN,Linux,0,0,72.38,1
17,0,36.59,3273.0,SG,Windows,0,0,56.01,0
19,1,46.33,910.0,IN,Linux,0,0,84.4,0
3,1,74.59,6332.0,IN,Windows,0,0,67.04,1
10,0,39.0,9081.0,CN,Windows,1,1,78.78,0
2,1,31.19,3142.0,IN,macOS,1,0,71.14,1
13,3,99.93,12828.0,SG,Windows,1,0,97.76,0
22,0,36.34,2489.0,IN,Android,1,0,79.77,0
1,3,41.19,8405.0,IN,iOS,1,0,77.34,0
9,1,37.84,19847.0,IN,Windows,0,0,76.68,0
23,0,39.46,5061.0,IN,Windows,0,1,100.0,0
7,1,46.56,4100.0,GB,Linux,0,0,69.21,0
3,1,63.42,4516.0,US,Windows,0,0,72.95,0
11,1,53.08,18081.0,IN,Windows,1,0,71.89,0
12,1,66.54,6783.0,US,iOS,0,1,34.61,1
15,1,65.88,27320.0,IN,Windows,1,0,71.67,0
7,1,49.17,6145.0,RU,Windows,0,0,88.29,0
22,0,52.53,2913.0,RU,Linux,1,1,79.27,0
12,0,67.17,3082.0,US,Windows,0,1,97.2,0
6,0,22.78,5163.0,CN,Android,0,0,84.14,0
23,0,94.96,960.0,IN,Android,1,0,79.04,0
22,2,34.75,3361.0,IN,Linux,0,0,86.0,0
11,1,37.98,3421.0,IN,Windows,1,1,76.57,0
0,0,20.76,5954.0,SG,Android,0,0,64.95,0
14,1,21.36,23236.0,IN,macOS,1,1,67.69,0
13,0,,5135.0,RU,Linux,0,0,27.11,1
3,4,90.4,1056.0,IN,Linux,1,0,98.71,1
15,0,33.66,2366.0,IN,Linux,0,0,66.43,0
20,1,51.95,6062.0,US,Windows,0,1,51.22,0
2,0,49.4,5294.0,US,Linux,0,0,63.41,0
17,0,65.0,18026.0,IN,macOS,0,0,100.0,0
3,1,89.37,10594.0,SG,Linux,0,0,71.29,0
17,0,75.42,10343.0,GB,macOS,0,0,74.63,0
10,1,40.23,4131.0,IN,macOS,1,0,100.0,0
0,1,55.58,11841.0,DE,macOS,0,0,85.04,0
23,1,57.56,2400.0,IN,Linux,0,1,64.81,0
3,1,44.6,10664.0,SG,Windows,0,0,39.4,0
14,0,23.08,3921.0,IN,macOS,0,0,81.5,0
4,1,29.02,1543.0,GB,Android,1,0,57.79,0
22,0,67.96,7900.0,IN,Windows,1,0,81.88,0
17,1,70.03,15033.0,IN,Android,0,0,69.13,0
19,2,40.85,3550.0,GB,iOS,1,0,77.36,0
10,1,50.22,17158.0,,macOS,0,0,86.13,0
11,1,68.95,1307.0,GB,Windows,0,0,38.87,0
15,0,10.91,1887.0,US,macOS,0,0,72.32,0
18,1,36.07,4370.0,IN,Windows,0,1,69.67,0
20,4,85.36,3653.0,IN,Windows,1,0,75.18,1
0,2,50.99,2882.0,DE,Windows,0,1,79.08,0
15,2,22.42,5469.0,IN,macOS,0,0,72.74,0
2,1,47.35,3220.0,IN,Linux,0,0,58.34,0
6,2,65.43,3688.0,IN,Linux,0,0,49.67,0
19,2,2.0,6141.0,IN,Linux,0,1,41.42,1
6,2,48.53,2881.0,GB,Linux,0,0,72.15,0
19,0,37.55,4515.0,RU,Linux,1,0,79.48,0
11,0,12.16,2932.0,,Linux,0,0,63.84,1
5,1,46.64,1873.0,US,Windows,0,0,84.95,0
8,3,42.27,9054.0,IN,Linux,0,1,67.94,0
12,2,44.52,19269.0,GB,Windows,1,0,68.46,1
18,3,38.03,11518.0,SG,macOS,1,0,44.11,0
14,1,24.57,6408.0,IN,Linux,1,0,62.02,0
22,1,15.9,2942.0,DE,Android,0,1,86.57,0
20,1,31.19,3907.0,IN,Linux,0,1,95.16,0
18,2,62.19,11449.0,IN,Windows,1,0,66.57,0
14,1,49.66,792.0,IN,Windows,0,0,85.61,0
6,1,43.62,3675.0,IN,Windows,0,0,95.46,0
9,0,24.2,8842.0,IN,Linux,1,0,53.13,0
2,1,37.52,1977.0,IN,Android,0,0,75.71,0
8,1,59.74,6896.0,IN,Windows,0,1,73.43,1
22,1,55.1,6645.0,IN,Linux,0,1,89.35,0
10,0,35.46,1535.0,IN,Windows,0,0,54.97,0
2,1,2.0,5269.0,IN,Linux,1,0,75.68,1
15,2,31.5,2999.0,SG,Linux,0,1,65.35,1
23,1,35.35,6856.0,US,Windows,0,0,77.65,1
20,0,26.86,8399.0,IN,Windows,0,0,91.99,0
6,0,36.74,6763.0,IN,macOS,0,0,96.59,0
10,2,61.33,5209.0,IN,Linux,1,0,92.14,0
12,0,44.25,6193.0,IN,Windows,0,0,,0
5,1,64.79,1918.0,IN,macOS,0,0,61.49,0
6,3,14.83,4795.0,IN,Windows,0,0,88.11,0
5,2,38.9,2599.0,IN,Android,0,0,80.89,0
23,1,6.22,11218.0,GB,macOS,0,0,65.27,0
17,3,36.47,8490.0,IN,Linux,1,0,53.5,0
20,1,24.09,8470.0,IN,Linux,1,0,0.0,0
19,2,70.63,19357.0,IN,Linux,0,0,41.31,0
23,0,53.19,3774.0,RU,Android,1,0,64.5,1
2,2,65.3,3168.0,GB,Windows,1,0,64.77,0
21,4,36.41,3704.0,GB,macOS,1,1,77.4,1
1,1,24.61,1364.0,RU,Windows,1,0,80.83,0
11,1,23.97,1453.0,US,macOS,1,0,100.0,0
14,4,,8078.0,IN,iOS,0,1,56.14,0
8,1,81.2,1610.0,DE,Windows,0,0,34.88,0
3,0,53.25,2080.0,IN,Linux,1,0,53.28,0
4,3,37.5,4531.0,GB,Linux,0,0,100.0,0
19,1,41.22,3534.0,IN,Linux,0,1,70.23,0
7,0,44.37,9982.0,IN,Windows,0,0,88.22,0
7,1,85.53,5158.0,IN,Linux,0,0,59.87,0
22,0,69.67,2595.0,IN,macOS,1,0,60.97,0
3,0,50.2,10693.0,US,iOS,0,0,39.14,0
21,1,47.19,8805.0,IN,macOS,0,0,64.05,0
22,1,50.99,1590.0,IN,macOS,0,0,70.2,0
14,1,54.89,6014.0,IN,Windows,1,0,85.62,0
3,1,36.74,2774.0,SG,Windows,0,0,80.1,0
3,0,28.12,2716.0,SG,macOS,1,0,100.0,1
6,1,65.64,21930.0,GB,macOS,0,1,67.23,0
13,1,45.44,5428.0,IN,Android,1,0,74.37,0
3,1,63.97,4130.0,IN,Linux,0,0,69.72,0
10,2,,5260.0,IN,Windows,1,1,57.49,1
2,0,55.41,9891.0,IN,Windows,0,0,77.37,1
12,0,52.17,2804.0,IN,Linux,0,0,65.04,0
0,1,109.0,3214.0,RU,Windows,0,0,99.94,0
17,4,49.14,8311.0,IN,Windows,1,0,55.79,0
1,2,23.19,1461.0,IN,Windows,0,0,63.88,0
4,4,39.38,10858.0,US,Linux,0,1,47.61,1
4,3,76.03,1361.0,IN,Windows,0,1,76.09,0
19,0,19.12,4038.0,IN,iOS,1,0,46.1,0
1,0,29.95,1368.0,GB,Android,0,1,69.85,0
10,0,67.13,2111.0,SG,Windows,0,1,48.96,1
14,1,39.57,13879.0,DE,macOS,0,0,52.29,0
12,3,42.8,11334.0,RU,Linux,0,1,56.23,0
16,1,66.47,12346.0,,iOS,0,1,83.13,0
19,1,30.66,1542.0,GB,macOS,0,0,68.3,0
9,0,15.63,2120.0,RU,Windows,1,1,67.79,0
19,0,17.22,6450.0,IN,Windows,0,1,80.12,0
7,1,56.64,8710.0,SG,iOS,0,0,58.12,0
23,3,50.18,2593.0,CN,iOS,0,0,34.62,0
12,0,31.15,3093.0,GB,Linux,0,0,50.22,0
17,1,21.82,1988.0,IN,Linux,0,0,64.85,0
21,1,39.59,18520.0,IN,Linux,0,0,69.12,0
19,1,67.33,3361.0,GB,macOS,1,0,80.06,1
20,1,28.28,5039.0,RU,Linux,0,0,67.39,0
12,1,31.75,5255.0,IN,Windows,1,0,88.3,0
1,2,21.19,11902.0,IN,Windows,1,0,76.51,0
11,0,37.65,2294.0,IN,Linux,1,0,44.65,0
4,1,51.76,12514.0,IN,Windows,0,1,24.15,0
21,0,87.3,1767.0,DE,Android,0,0,51.87,0
5,2,49.36,12489.0,US,iOS,1,0,72.48,0
5,1,43.93,1246.0,US,Windows,1,0,76.68,1
5,1,62.26,4520.0,US,Android,0,0,68.1,0
15,2,58.92,18040.0,US,macOS,1,0,72.16,0
13,0,33.45,8585.0,GB,Linux,1,0,93.77,0
22,2,91.04,6884.0,IN,Windows,1,0,70.25,0
9,3,44.51,2124.0,IN,Linux,0,0,76.3,0
6,2,49.73,2730.0,SG,iOS,0,0,98.74,0
1,1,56.03,14408.0,IN,macOS,0,0,37.4,0
0,0,51.92,7172.0,IN,Linux,0,1,100.0,0
8,1,75.51,10019.0,IN,Windows,1,0,23.94,0
22,0,,5214.0,GB,Windows,0,0,55.13,0
12,0,60.67,3923.0,IN,Linux,0,0,59.94,0
21,2,48.29,9075.0,US,macOS,1,0,40.6,0
2,0,64.65,6048.0,IN,Android,0,1,67.03,1
2,2,40.7,4290.0,SG,Linux,0,0,69.08,0
20,2,37.99,1586.0,US,Windows,1,0,83.32,0
2,2,59.64,10542.0,SG,Windows,1,0,82.74,0
1,2,52.16,6988.0,DE,Windows,1,0,73.12,1
9,3,28.59,3026.0,SG,Windows,0,0,90.13,0
22,1,71.91,12625.0,IN,Windows,0,0,81.61,0
16,0,59.65,5973.0,IN,macOS,0,1,64.15,0
2,2,43.52,6068.0,RU,Linux,0,1,72.14,0
20,1,35.64,9968.0,RU,Android,0,0,58.56,0
20,1,52.28,8391.0,RU,iOS,0,0,47.94,1
19,0,58.21,6216.0,CN,Windows,0,0,77.7,0
21,1,13.12,4227.0,US,macOS,0,0,43.02,0
5,1,52.51,24027.0,US,Windows,1,0,66.63,1
23,2,58.05,2732.0,SG,Windows,1,0,28.64,0
7,0,2.0,8926.0,IN,Windows,0,0,71.28,1
19,0,48.92,4596.0,SG,Windows,1,0,56.91,0
13,2,58.89,7071.0,SG,macOS,0,0,80.23,0
18,1,56.62,13184.0,US,macOS,0,0,66.0,0
15,2,61.05,3830.0,IN,macOS,0,0,67.7,0
15,2,38.45,7954.0,GB,Linux,1,0,70.94,0
14,0,24.2,6078.0,RU,Android,0,1,58.99,0
18,0,,2942.0,IN,macOS,0,0,,0
17,1,66.84,13447.0,IN,Android,0,0,59.81,0
3,3,59.06,8682.0,GB,macOS,0,1,67.75,0
19,0,68.37,3472.0,,Windows,0,0,59.97,1
12,1,30.5,11883.0,GB,Linux,0,0,78.11,0
7,4,61.08,2527.0,US,Linux,1,1,38.14,0
12,2,14.95,4802.0,IN,Windows,0,0,43.02,0
23,0,27.61,3486.0,IN,Android,0,0,100.0,1
20,0,,8965.0,RU,iOS,1,0,62.19,0
20,1,58.26,3348.0,IN,iOS,0,0,51.74,0
11,3,78.58,9016.0,IN,Windows,0,0,69.54,0
18,1,40.2,7908.0,IN,Windows,0,0,83.81,0
9,2,27.69,3640.0,IN,Windows,0,0,81.54,0
16,0,26.66,21243.0,IN,Android,1,0,56.53,0
15,0,31.24,2708.0,DE,macOS,1,0,60.77,0
5,2,89.42,1592.0,IN,macOS,0,0,63.99,0
6,0,60.14,9749.0,US,iOS,0,0,75.6,0
1,1,67.25,880.0,IN,Windows,0,0,70.82,0
3,4,,16211.0,,Windows,0,1,53.49,0
10,1,44.97,5332.0,IN,Android,1,0,60.83,0
11,0,58.99,1569.0,IN,Windows,0,1,65.22,0
3,1,34.88,2301.0,IN,Linux,0,0,96.68,1
10,3,,1330.0,CN,Linux,0,0,66.81,0
14,2,31.51,6676.0,GB,Linux,0,0,100.0,0
5,3,36.05,1700.0,US,iOS,1,0,65.15,0
8,0,45.98,7344.0,IN,Windows,0,0,39.7,0
8,1,28.57,3851.0,IN,Linux,0,0,76.32,0
12,0,50.72,3360.0,,iOS,0,0,88.85,0
8,1,50.69,7387.0,IN,Windows,0,0,78.55,0
17,0,41.42,8093.0,DE,macOS,0,0,73.54,0
7,1,28.45,12291.0,SG,iOS,0,0,63.17,0
10,1,47.1,2960.0,GB,Windows,0,0,64.87,0
9,1,34.9,4799.0,IN,Windows,1,0,28.11,0
4,1,45.93,2956.0,IN,Windows,0,0,85.46,0
16,1,66.96,5599.0,IN,Windows,1,0,63.18,1
5,0,19.94,2637.0,CN,Windows,0,0,90.63,0
7,3,88.47,3501.0,SG,Windows,0,0,60.41,1
19,0,43.55,3515.0,IN,Linux,0,0,69.04,0
22,2,53.24,6215.0,RU,macOS,1,0,92.49,0
16,2,29.94,4926.0,IN,Windows,0,0,94.05,0
21,1,67.84,7369.0,IN,Linux,0,0,85.14,0
20,0,42.49,4512.0,IN,Windows,0,1,36.32,0
11,1,37.12,3091.0,RU,macOS,0,1,47.01,1
18,3,33.49,5727.0,IN,Windows,0,1,82.62,0
7,0,39.63,2360.0,IN,Windows,0,0,57.43,0
11,1,53.37,7749.0,IN,iOS,0,1,71.33,0
12,3,48.46,3911.0,IN,macOS,0,0,73.73,0
23,1,44.2,5788.0,IN,macOS,1,0,74.61,0
20,1,30.77,5861.0,IN,macOS,0,0,51.0,0
11,0,29.62,17699.0,SG,Linux,0,0,88.41,0
15,2,35.78,6669.0,CN,Windows,1,0,60.56,0
4,0,54.21,5211.0,IN,Linux,0,0,80.62,0
19,1,58.25,2825.0,CN,Android,0,0,66.27,0
13,0,60.94,9339.0,SG,iOS,0,0,100.0,0
12,1,44.97,3959.0,RU,macOS,0,1,96.07,0
18,1,52.67,1450.0,IN,Windows,0,0,100.0,0
15,0,41.63,4205.0,SG,macOS,1,0,99.75,0
1,0,10.15,5728.0,US,macOS,0,0,67.58,0
6,0,40.68,2553.0,IN,Windows,0,0,60.39,0
4,0,37.49,4471.0,DE,Linux,0,0,49.56,0
17,1,24.22,4642.0,IN,Windows,0,0,74.79,0
0,2,33.65,4700.0,SG,Linux,0,0,70.44,0
4,2,47.7,13197.0,GB,macOS,0,1,69.23,1
14,0,22.34,1721.0,IN,Windows,1,0,55.08,0
16,1,30.78,25010.0,IN,macOS,0,0,76.5,0
12,1,75.96,4787.0,RU,Windows,0,0,63.13,1
20,1,12.95,7818.0,IN,Windows,1,0,61.31,0
22,1,41.34,5444.0,SG,macOS,0,0,72.95,0
3,1,21.67,1235.0,GB,Linux,0,0,68.6,0
22,0,29.97,2111.0,IN,Android,1,0,44.33,0
14,4,41.05,3231.0,US,macOS,0,0,55.82,0
15,1,25.25,10883.0,CN,Android,0,0,79.59,0
2,1,56.48,1624.0,RU,Windows,1,0,69.14,1
14,2,72.02,2479.0,IN,macOS,0,0,35.03,0
17,2,61.83,5608.0,IN,Windows,0,0,82.58,1
13,0,65.49,7174.0,IN,macOS,0,0,69.11,0
2,0,17.41,7004.0,DE,Linux,0,1,50.89,0
12,2,40.14,2237.0,IN,Windows,0,0,57.96,0
22,1,54.35,1369.0,IN,Linux,0,0,72.97,1
17,1,62.42,7565.0,,macOS,0,0,30.24,0
3,2,80.07,15468.0,CN,Windows,0,0,77.57,1
23,0,66.38,3728.0,IN,macOS,0,0,87.76,1
23,3,62.93,1967.0,DE,Android,0,0,86.03,0
4,1,97.67,3485.0,IN,Windows,1,0,90.78,0
19,1,46.93,6736.0,GB,Linux,0,0,55.96,0
9,1,39.22,4079.0,US,Android,0,0,88.61,0
14,0,48.55,15150.0,RU,Windows,0,0,74.9,0
10,1,26.7,10301.0,DE,Windows,0,0,54.96,0
18,2,46.35,5696.0,IN,macOS,0,0,78.4,0
23,0,10.46,1029.0,IN,Linux,0,0,77.86,1
19,1,34.41,2825.0,IN,Android,0,0,97.73,0
22,3,42.69,3170.0,IN,macOS,0,1,91.55,0
22,1,63.99,2705.0,CN,Linux,0,0,57.57,0
2,1,67.22,5725.0,IN,Linux,0,0,76.13,0
6,1,25.73,5821.0,RU,Windows,0,0,75.94,0
17,0,86.52,1288.0,IN,Linux,0,0,74.52,0
14,1,47.97,9355.0,RU,Windows,0,0,64.51,0
1,2,49.8,4979.0,RU,iOS,0,0,100.0,0
2,0,12.65,6543.0,GB,Windows,0,0,58.78,0
12,0,32.6,8918.0,IN,Windows,1,0,99.99,1
14,0,66.0,2661.0,RU,Android,0,0,44.35,0
4,1,48.4,13455.0,RU,Windows,0,0,63.13,1
4,1,47.16,4388.0,IN,Linux,0,0,83.76,1
3,0,49.54,16482.0,CN,iOS,0,0,51.05,0
13,2,16.14,2404.0,RU,Android,0,1,56.77,0
0,2,43.07,15531.0,IN,Windows,1,0,79.63,0
13,1,73.17,2385.0,,Windows,0,0,38.89,0
11,2,66.73,37761.0,IN,Linux,0,0,89.89,0
11,2,42.5,2295.0,IN,Linux,0,0,96.61,0
16,0,76.27,11445.0,RU,Windows,1,0,97.39,0
12,2,19.82,3678.0,RU,Windows,0,0,75.86,0
17,1,25.57,8708.0,IN,Android,1,0,62.3,0
18,0,82.27,4758.0,US,Windows,0,1,63.48,0
22,2,56.56,2053.0,US,Android,1,0,75.17,0
19,0,39.22,525.0,IN,Windows,1,1,72.33,0
12,1,43.89,36536.0,DE,Linux,0,0,63.16,0
11,1,28.87,5210.0,GB,Linux,1,0,98.51,0
5,0,50.53,466.0,IN,Windows,1,1,65.57,1
14,1,48.95,6261.0,IN,macOS,0,0,95.87,0
3,1,45.4,8533.0,RU,Windows,0,0,71.8,0
22,3,21.8,2774.0,IN,Android,0,0,70.68,0
20,2,50.3,2789.0,IN,macOS,1,0,79.32,0
2,0,34.41,4837.0,CN,Windows,0,1,79.09,0
18,1,25.28,12863.0,SG,Linux,0,0,67.4,0
2,2,70.33,5324.0,GB,iOS,0,0,80.16,0
17,2,88.39,15845.0,IN,Linux,1,1,82.38,1
2,1,83.85,12149.0,GB,Windows,0,0,99.76,0
11,2,58.0,4093.0,GB,Android,0,0,71.28,0
15,1,39.69,1399.0,IN,Windows,0,0,55.94,0
17,1,43.59,4100.0,IN,macOS,1,0,57.8,0
10,4,53.11,7489.0,IN,Windows,1,0,100.0,0
22,3,36.6,5156.0,US,macOS,0,0,36.16,0
18,1,71.38,8164.0,CN,Linux,1,0,48.58,0
4,2,4.29,9806.0,DE,Windows,1,1,70.47,1
16,0,39.09,7515.0,IN,Android,0,0,58.93,0
17,2,,3943.0,IN,Linux,0,0,84.74,0
8,1,28.1,7450.0,US,Windows,0,0,83.17,0
17,4,40.2,29389.0,IN,macOS,0,0,60.38,0
21,1,56.87,1492.0,IN,Linux,1,0,97.07,0
19,0,75.37,7258.0,CN,Windows,0,1,50.14,1
18,0,19.12,21282.0,RU,macOS,0,0,56.73,0
15,2,17.64,1920.0,RU,iOS,0,0,98.3,0
6,2,26.08,10948.0,IN,Windows,0,0,46.5,0
19,0,14.25,12183.0,SG,Android,0,0,76.24,0
8,0,15.67,1508.0,DE,macOS,0,0,98.23,0
12,1,25.55,8690.0,US,Windows,1,0,23.21,0
7,1,69.67,3956.0,IN,macOS,0,0,63.92,0
7,3,38.76,4683.0,IN,Linux,0,0,87.06,0
3,2,45.63,3790.0,IN,Android,0,0,65.14,0
23,0,25.89,14047.0,RU,macOS,0,0,71.07,0
3,0,57.67,4493.0,GB,Windows,0,0,73.38,0
2,0,82.52,3393.0,CN,Windows,0,0,75.63,0
22,1,27.25,3439.0,US,Windows,1,0,55.49,0
13,0,79.49,3741.0,IN,Linux,0,0,83.79,0
10,1,52.29,2072.0,IN,iOS,1,0,74.59,0
17,1,45.34,3369.0,IN,Android,0,0,49.37,0
9,0,53.0,5400.0,RU,Android,0,0,61.62,0
3,0,52.81,6792.0,IN,Linux,0,0,44.56,0
17,0,82.14,12877.0,IN,Windows,0,0,73.85,0
4,0,55.4,5960.0,US,macOS,0,0,78.83,0
13,1,55.82,3362.0,SG,Windows,0,0,73.82,0
22,0,36.57,2189.0,US,Windows,0,1,79.9,0
22,2,61.78,6220.0,IN,Windows,0,0,72.4,0
8,1,25.86,4474.0,DE,iOS,0,0,83.72,0
18,2,47.18,4594.0,IN,macOS,1,0,67.7,0
14,0,102.67,6063.0,US,Windows,1,1,82.63,0
11,3,2.0,7447.0,US,iOS,0,0,46.85,0
3,1,49.66,6098.0,IN,Android,0,0,44.85,0
9,2,50.43,4288.0,IN,macOS,0,1,71.56,0
15,0,40.44,2589.0,IN,Windows,1,1,82.32,1
23,1,40.91,3010.0,IN,Windows,1,1,65.02,1
0,1,,9688.0,US,Windows,0,0,81.49,1
17,1,39.96,3502.0,IN,macOS,0,0,75.58,0
20,0,49.44,1674.0,IN,Linux,0,0,33.12,0
22,1,35.25,12427.0,GB,Windows,0,0,100.0,0
10,0,85.45,2313.0,DE,Windows,0,0,47.34,0
2,1,39.96,5055.0,RU,Linux,0,0,52.99,0
6,0,56.39,7280.0,RU,Android,0,0,90.69,0
20,0,,4927.0,IN,Windows,0,0,70.36,0
21,0,63.66,677.0,IN,macOS,0,0,56.18,1
15,2,59.67,6717.0,US,iOS,1,0,61.55,0
2,3,53.39,14202.0,SG,macOS,0,0,54.15,1
2,0,,9221.0,IN,Linux,1,0,55.59,0
11,2,29.95,899.0,CN,macOS,0,0,84.21,0
14,1,78.72,26952.0,,Android,0,0,61.03,0
0,2,29.73,1702.0,IN,macOS,0,0,50.77,0
16,1,57.82,2074.0,SG,Windows,0,0,56.32,0
13,1,26.11,9187.0,IN,Windows,0,0,67.2,0
0,3,65.17,7061.0,CN,Windows,0,0,56.52,0
2,1,31.27,5241.0,IN,Windows,1,0,64.46,0
10,0,25.74,3117.0,GB,macOS,0,0,76.27,0
17,0,30.75,14252.0,GB,Windows,0,0,61.35,0
19,1,33.92,4763.0,IN,macOS,0,0,54.53,0
10,1,53.09,1404.0,DE,macOS,0,0,57.46,0
7,0,46.39,13172.0,IN,Linux,1,0,95.06,0
23,3,23.1,5857.0,IN,Windows,0,0,100.0,0
11,1,44.44,11992.0,IN,Windows,0,1,70.83,0
7,1,22.13,7770.0,SG,Windows,0,0,83.05,0
10,1,57.87,33300.0,RU,iOS,1,0,53.08,0
0,0,61.54,3835.0,IN,Windows,0,0,59.38,0
7,1,44.52,4978.0,SG,Windows,0,0,78.1,0
12,1,50.43,8742.0,RU,Windows,0,0,27.45,1
22,0,80.04,3854.0,IN,macOS,0,0,83.91,1
17,1,41.85,9340.0,CN,macOS,0,1,59.84,0
18,1,26.11,465.0,IN,iOS,0,0,50.6,0
13,1,56.58,4637.0,SG,Windows,0,0,76.99,0
2,3,22.35,4526.0,US,Windows,0,0,95.96,0
9,0,40.79,4397.0,CN,macOS,0,0,64.37,0
23,1,33.02,2437.0,IN,Windows,0,1,75.26,0
1,0,30.96,10147.0,IN,Windows,1,0,78.17,1
21,1,,3283.0,SG,iOS,1,0,74.32,1
16,0,63.0,5769.0,DE,Linux,0,0,52.06,0
6,0,67.11,4771.0,US,Linux,0,0,,0
18,1,63.52,7334.0,GB,iOS,0,0,73.31,0
20,1,51.73,15441.0,GB,Windows,1,0,20.87,1
1,0,39.85,5745.0,IN,Windows,0,0,85.44,0
2,1,2.0,9635.0,IN,Windows,0,0,42.93,0
15,2,52.35,5519.0,IN,Windows,0,0,72.31,0
23,2,2.0,3279.0,IN,Linux,0,0,97.32,0
0,2,6.53,4389.0,,Android,0,0,65.61,0
15,2,41.77,3917.0,IN,iOS,0,0,51.17,1
3,0,50.29,7743.0,IN,macOS,0,0,80.06,0
15,2,35.98,5353.0,,iOS,0,0,95.23,0
14,2,75.71,2603.0,RU,Linux,1,0,50.05,0
2,0,54.24,4115.0,IN,Windows,0,0,27.53,1
16,1,40.01,1450.0,IN,Windows,1,0,91.29,0
21,0,72.73,4240.0,SG,Linux,0,0,85.38,0
20,1,76.3,4920.0,IN,Windows,1,0,76.93,0
0,0,55.25,20884.0,SG,Windows,0,0,37.6,0
5,1,29.49,14455.0,IN,iOS,0,0,80.76,0
5,5,33.99,2149.0,DE,Windows,1,0,88.6,1
10,1,16.07,5776.0,IN,macOS,0,0,100.0,0
3,2,44.15,5857.0,IN,Windows,0,0,64.93,0
20,0,24.0,4087.0,IN,Linux,1,0,72.86,0
18,2,38.42,4301.0,GB,macOS,0,1,31.25,1
19,0,50.21,3703.0,SG,Windows,0,1,87.43,0
4,3,5.33,21986.0,IN,Windows,1,0,87.0,1
0,0,19.73,3523.0,GB,Linux,1,0,77.27,0
21,0,34.86,6456.0,IN,macOS,0,0,91.38,0
6,2,43.95,650.0,SG,Windows,1,1,55.93,0
15,1,35.12,9498.0,CN,Windows,1,0,66.07,0
21,1,39.59,12675.0,IN,Windows,0,0,66.78,0
0,2,30.88,2118.0,IN,Windows,0,0,89.79,0
0,2,16.01,3263.0,SG,Android,0,1,90.19,1
0,0,34.3,7053.0,RU,Windows,0,1,75.72,0
3,1,40.74,4992.0,GB,Linux,0,0,74.78,0
1,2,38.79,7137.0,IN,macOS,1,0,79.92,1
19,2,47.24,3906.0,DE,Android,0,0,63.94,0
14,1,53.38,21821.0,IN,Windows,1,0,94.51,1
23,2,58.63,2876.0,CN,Linux,0,1,61.87,0
19,1,32.33,42330.0,,macOS,0,0,77.73,0
23,2,13.48,13274.0,RU,Windows,0,0,59.27,0
5,1,70.43,9563.0,SG,Windows,0,0,87.04,0
6,0,52.71,2138.0,CN,Android,0,1,,1
20,0,25.91,10176.0,IN,Linux,0,0,100.0,0
5,0,,7968.0,RU,Windows,1,1,67.72,1
1,2,66.36,902.0,IN,Linux,0,0,86.87,0
16,1,79.58,1598.0,IN,Windows,0,0,58.65,0
19,1,50.01,6543.0,IN,Windows,0,0,64.47,0
23,1,66.19,4418.0,IN,Windows,1,0,69.24,0
22,1,20.81,3251.0,IN,Windows,0,0,76.32,0
2,2,44.28,11651.0,US,Linux,0,0,56.56,0
18,0,38.3,2424.0,IN,Linux,1,0,59.73,0
20,2,51.85,3415.0,IN,Windows,1,0,71.61,0
16,0,77.22,2929.0,IN,macOS,0,0,77.18,0
19,0,50.0,7392.0,GB,macOS,1,0,69.35,0
20,2,26.25,1242.0,US,Linux,1,0,66.77,0
10,2,19.73,3301.0,DE,Windows,0,0,46.11,0
0,0,77.92,1239.0,SG,Windows,1,0,79.01,0
10,0,55.28,3826.0,GB,iOS,0,0,85.17,0
4,1,53.96,8764.0,IN,Windows,1,1,87.3,1
2,1,38.13,8890.0,US,Windows,0,0,72.7,0
2,2,50.36,2746.0,IN,macOS,0,1,59.14,0
16,1,25.26,7530.0,IN,Android,1,0,64.21,0
12,1,52.74,4238.0,RU,iOS,0,0,72.78,0
12,1,21.5,14601.0,IN,Linux,1,0,69.66,0
17,2,37.81,4429.0,CN,iOS,0,0,54.79,0
13,2,32.14,456.0,IN,Windows,0,1,39.72,0
15,1,2.0,10054.0,DE,Android,1,0,60.0,1
2,1,38.06,3404.0,IN,Windows,1,0,65.02,1
20,0,27.02,3947.0,RU,iOS,1,1,75.56,0
10,1,40.79,6430.0,SG,Android,1,0,62.63,0
3,2,45.03,1572.0,IN,macOS,0,0,65.47,0
19,3,80.36,5217.0,IN,macOS,0,0,72.01,0
17,0,51.09,7537.0,US,Windows,1,0,98.2,0
1,0,51.68,6576.0,IN,Linux,1,0,67.01,1
4,4,54.91,3044.0,IN,Windows,0,0,42.12,1
0,1,62.44,10868.0,CN,macOS,0,0,57.68,0
6,0,54.09,2213.0,GB,Windows,0,0,,0
2,1,50.63,2980.0,IN,Windows,0,1,95.81,0
17,2,59.22,4408.0,IN,Windows,1,0,86.91,0
12,3,2.0,6225.0,IN,Android,0,0,82.63,0
23,1,86.78,3791.0,SG,Linux,0,1,82.83,0
17,0,76.79,13133.0,IN,Linux,0,0,65.7,0
14,2,49.34,6224.0,IN,Windows,1,0,85.61,0
12,0,16.74,5221.0,IN,Windows,1,1,86.31,0
1,2,69.21,6052.0,CN,Linux,0,0,85.2,0
1,3,31.12,8834.0,IN,Windows,1,0,59.22,0
14,1,55.68,5959.0,DE,macOS,0,0,64.16,0
0,1,19.34,1156.0,IN,Linux,0,0,58.45,0
1,1,89.53,11750.0,SG,iOS,1,0,87.94,1
5,1,16.16,5409.0,IN,Windows,0,1,75.46,0
21,3,46.38,8501.0,SG,Linux,0,0,77.06,0
11,3,2.56,3552.0,CN,iOS,0,0,80.36,0
17,0,44.18,1140.0,IN,Android,0,1,44.58,0
9,1,36.49,794.0,IN,Linux,1,0,85.87,0
4,1,67.74,2309.0,CN,Windows,0,0,60.26,0
8,0,36.49,7434.0,IN,Linux,0,1,61.9,0
2,1,67.77,13882.0,SG,Linux,0,0,54.96,1
18,1,24.52,6258.0,SG,Windows,0,0,71.44,0
4,0,39.36,2118.0,IN,Windows,0,1,68.8,0
9,0,39.76,2625.0,IN,Linux,0,0,44.96,0
23,1,54.91,14598.0,IN,Windows,1,0,37.8,1
14,0,52.37,1722.0,US,Android,0,1,66.35,0
11,0,59.44,26408.0,IN,Windows,0,0,84.65,0
13,1,50.34,22045.0,DE,iOS,0,1,82.91,0
18,0,58.23,27113.0,US,Linux,0,0,88.01,0
6,2,27.04,6665.0,SG,iOS,0,1,66.44,0
15,1,52.78,3740.0,IN,macOS,0,0,63.63,0
20,1,77.16,6536.0,IN,Windows,0,0,68.0,0
13,1,11.4,10167.0,IN,Windows,0,0,84.48,0
10,3,54.78,2920.0,IN,Windows,1,0,99.03,0
3,1,58.54,2037.0,IN,macOS,0,0,61.71,0
5,1,74.22,3916.0,RU,Windows,0,0,,0
22,1,59.52,2650.0,IN,macOS,0,1,70.56,0
12,1,47.01,13263.0,IN,Android,1,0,65.23,0
7,0,53.6,3001.0,GB,Linux,0,0,59.55,0
10,2,30.3,5306.0,DE,macOS,0,0,67.74,0
13,1,37.24,10791.0,IN,Android,0,0,55.77,0
12,0,18.29,13683.0,IN,macOS,0,0,83.06,0
16,1,74.74,5807.0,IN,Windows,0,0,96.53,0
6,1,54.0,6684.0,IN,Windows,1,0,64.89,0
15,2,26.68,2179.0,IN,Linux,0,0,99.94,0
10,0,50.43,11142.0,IN,Windows,1,0,68.06,0
22,2,68.19,13505.0,,Linux,1,0,57.45,0
3,1,64.86,1101.0,RU,iOS,1,0,82.35,1
3,0,26.45,20138.0,IN,Linux,1,0,53.36,1
11,1,2.0,2806.0,IN,Windows,0,0,81.23,0
12,1,52.91,7909.0,RU,Windows,1,0,74.57,0
16,0,27.26,5229.0,US,iOS,0,0,62.73,0
9,1,57.45,4683.0,DE,Windows,1,0,60.83,0
21,1,64.01,4166.0,RU,Windows,0,1,54.29,0
11,4,67.27,2222.0,GB,Linux,1,0,88.57,0
3,1,79.89,7473.0,DE,Linux,0,0,65.99,0
2,1,69.73,3909.0,IN,Linux,0,0,75.6,0
23,0,79.99,1724.0,CN,Linux,0,0,69.8,0
3,0,72.58,2147.0,DE,Linux,0,0,66.18,0
22,1,74.32,1748.0,IN,Windows,0,0,75.88,0
6,2,44.18,3230.0,US,Linux,1,0,79.22,0
2,1,19.21,7245.0,IN,macOS,0,1,72.49,0
7,2,94.65,2783.0,US,Linux,1,0,66.6,0
14,0,46.26,10725.0,IN,iOS,1,0,,0
10,1,69.57,4468.0,GB,Windows,1,0,59.14,0
18,0,33.99,3899.0,IN,Linux,1,1,64.49,1
14,1,64.28,4981.0,US,macOS,0,0,70.29,0
9,1,2.0,15005.0,GB,Linux,1,0,38.7,0
15,1,36.79,1641.0,IN,Windows,0,0,81.15,0
23,1,43.03,18492.0,IN,Linux,0,0,75.78,1
9,0,54.25,10595.0,IN,iOS,0,1,59.52,0
3,1,66.44,4830.0,US,Linux,0,0,53.51,0
9,2,23.12,12663.0,RU,Windows,0,0,57.64,0
20,0,58.2,3797.0,IN,Windows,0,0,46.17,0
5,0,69.53,6177.0,US,Linux,1,0,63.89,0
22,0,91.92,3187.0,RU,Windows,0,0,66.77,0
14,1,59.13,10649.0,DE,Android,1,0,86.53,0
14,2,35.81,2791.0,IN,iOS,1,0,78.54,0
7,1,19.56,4717.0,IN,iOS,1,0,92.45,1
22,1,81.58,8462.0,RU,Windows,1,0,72.02,1
0,1,59.75,11368.0,IN,Linux,1,1,53.6,0
7,2,44.56,2548.0,IN,Windows,0,1,100.0,1
10,1,12.6,8978.0,US,Windows,0,1,64.27,0
11,1,26.38,2240.0,IN,Linux,0,0,42.18,0
11,0,57.63,880.0,US,Windows,0,0,73.97,0
3,1,52.08,2701.0,CN,Windows,0,0,41.38,0
5,0,6.07,9583.0,CN,Android,0,0,68.48,0
2,3,57.65,4867.0,US,Android,1,1,61.44,1
13,1,13.63,3204.0,RU,iOS,0,0,79.43,0
8,2,72.08,5138.0,SG,Windows,1,1,87.16,1
13,2,49.17,5004.0,CN,Android,0,1,64.15,0
14,4,35.73,8083.0,RU,Linux,0,0,62.87,0
16,0,64.8,1354.0,RU,Windows,0,0,83.65,0
13,0,52.07,4528.0,IN,Linux,1,1,56.2,0
15,2,71.5,5429.0,IN,Linux,0,0,71.16,1
14,0,46.61,1649.0,IN,Linux,0,1,79.75,0
15,0,47.78,1631.0,GB,Android,1,0,55.77,0
14,2,39.29,3671.0,CN,Windows,0,0,64.59,0
7,3,50.26,4948.0,CN,iOS,1,0,71.82,0
5,3,78.96,4962.0,SG,Windows,0,0,93.95,0
18,2,34.94,3149.0,SG,macOS,0,0,48.23,0
8,1,57.96,3048.0,US,iOS,0,0,67.31,0
13,1,27.39,3583.0,IN,Linux,0,0,94.37,0
4,1,3.67,6241.0,GB,Android,1,0,87.48,0
10,2,49.15,13302.0,IN,macOS,0,0,65.04,0
12,0,52.41,832.0,SG,Windows,0,0,68.72,0
15,0,42.8,8090.0,GB,macOS,0,0,78.27,0
12,2,15.08,4497.0,IN,macOS,0,0,78.64,0
8,0,51.09,7484.0,GB,Windows,0,0,94.81,0
23,0,50.33,12688.0,US,Linux,0,0,90.37,0
12,0,27.22,2686.0,SG,Windows,0,0,45.12,0
19,2,17.93,10461.0,SG,Windows,0,0,41.29,0
17,1,39.95,1802.0,IN,iOS,0,0,60.21,0
13,1,58.06,5443.0,SG,iOS,0,0,36.65,0
21,3,53.33,4048.0,IN,macOS,1,0,93.62,0
3,1,27.38,5100.0,IN,Windows,1,0,43.07,0
22,1,,2228.0,,Linux,1,0,64.61,0
20,0,62.74,6971.0,SG,Windows,1,0,54.32,0
12,0,21.55,17484.0,RU,Windows,0,0,41.43,0
17,1,46.26,2259.0,IN,Android,1,0,91.25,0
12,1,,5720.0,DE,Linux,0,1,59.62,1
6,2,19.5,9747.0,RU,Linux,0,0,100.0,0
19,1,68.11,3876.0,CN,Windows,1,0,95.3,0
5,1,77.38,14593.0,IN,iOS,1,0,69.94,1
7,1,40.56,3485.0,IN,Windows,0,0,32.29,0
12,1,38.14,4478.0,IN,Linux,1,0,63.88,0
20,2,65.66,2220.0,RU,Windows,0,0,100.0,0
9,0,41.28,5439.0,IN,Windows,0,1,77.71,0
11,0,2.0,4927.0,US,Linux,1,0,,0
0,0,43.02,8174.0,CN,macOS,0,0,58.99,1
2,0,54.41,2954.0,IN,Linux,1,0,85.97,1
1,1,59.8,2848.0,GB,Windows,1,0,76.65,0
1,1,27.39,7115.0,CN,iOS,0,0,75.11,0
20,0,39.6,15029.0,IN,macOS,1,0,90.45,0
20,1,64.54,8129.0,IN,Android,0,0,89.48,0
19,1,43.8,21546.0,IN,Windows,1,0,77.87,0
1,2,14.43,7664.0,US,iOS,1,0,41.44,0
1,2,69.75,7446.0,IN,macOS,1,0,52.32,0
6,3,40.72,8463.0,IN,Linux,1,1,58.9,0
13,1,66.82,16164.0,IN,Windows,0,0,69.33,0
8,1,17.09,13228.0,US,Windows,0,0,96.98,0
11,0,42.58,2063.0,SG,Android,0,0,100.0,1
4,0,55.19,9325.0,US,Windows,0,0,77.05,0
17,1,43.26,6077.0,SG,macOS,0,0,79.9,0
7,0,21.34,4208.0,CN,macOS,0,0,42.8,0
1,0,2.0,1190.0,DE,macOS,0,1,62.39,0
17,1,75.47,1433.0,GB,Linux,1,0,60.04,0
21,0,49.96,3672.0,IN,iOS,0,0,58.54,0
0,1,68.34,1523.0,IN,Windows,1,0,80.43,0
10,3,63.57,3733.0,IN,Android,0,0,61.88,0
19,1,56.94,8703.0,US,Linux,1,0,35.89,0
16,0,38.57,3088.0,CN,Windows,1,0,85.17,0
20,0,54.8,5254.0,IN,Windows,0,0,91.66,0
9,0,73.65,2088.0,IN,Android,0,1,75.19,0
8,1,46.66,6242.0,SG,macOS,1,1,66.97,1
17,0,83.03,7380.0,CN,Windows,1,0,53.81,1
3,1,15.01,1574.0,SG,Windows,0,0,54.93,0
5,0,12.86,2693.0,IN,macOS,1,0,89.28,0
14,0,64.76,1783.0,US,Windows,1,0,56.53,0
16,0,28.63,7386.0,IN,Windows,0,0,100.0,0
2,0,85.87,5604.0,GB,macOS,0,1,87.09,0
12,2,71.75,4723.0,GB,Windows,1,0,76.11,0
8,1,76.75,4435.0,SG,Windows,0,0,100.0,0
12,1,62.69,6363.0,IN,Linux,1,1,92.96,0
23,0,26.57,6466.0,CN,Linux,0,0,62.25,0
1,1,11.81,3306.0,IN,macOS,0,0,51.57,0
23,0,74.91,2956.0,IN,Windows,0,0,62.37,0
10,0,15.01,4688.0,SG,Linux,1,0,68.15,0
18,1,76.7,4223.0,IN,Windows,0,0,56.35,0
10,1,58.39,25554.0,IN,Linux,0,0,49.76,0
7,1,43.47,3615.0,IN,Windows,0,0,74.24,0
18,0,53.84,6196.0,IN,Windows,0,0,85.99,0
16,2,54.31,7135.0,IN,macOS,1,0,100.0,0
3,0,40.95,15069.0,DE,Windows,0,0,71.38,0
16,4,73.51,2568.0,IN,iOS,0,0,80.85,0
18,1,72.83,14353.0,CN,iOS,0,1,36.68,1
9,2,48.11,4368.0,SG,Windows,0,1,85.46,0
22,2,33.0,36355.0,SG,macOS,0,0,51.84,0
15,1,71.12,6569.0,RU,macOS,0,1,75.49,0
8,5,4.55,1839.0,DE,Windows,1,0,69.22,0
0,1,53.88,4198.0,IN,Linux,0,0,65.65,0
16,2,59.79,14314.0,RU,iOS,0,0,43.29,0
5,2,28.43,5246.0,IN,Windows,0,1,56.37,0
18,2,64.48,4686.0,IN,Linux,1,0,52.82,0
12,0,44.47,8736.0,US,Linux,0,0,59.31,0
11,2,34.09,3729.0,IN,Windows,1,0,91.28,0
3,1,64.26,4152.0,GB,Linux,1,0,63.65,0
17,2,23.29,2308.0,CN,iOS,0,0,57.89,0
3,3,62.38,19596.0,GB,Windows,0,0,81.69,0
10,0,5.35,1848.0,IN,Windows,1,0,75.88,0
20,0,50.71,5628.0,,Windows,1,0,100.0,1
22,2,45.88,7215.0,IN,macOS,0,0,88.2,0
23,1,34.21,4861.0,IN,Linux,0,0,34.2,1
22,2,52.79,1802.0,US,Linux,1,0,84.49,0
13,0,43.41,2211.0,SG,Android,0,0,82.35,1
4,0,66.09,7465.0,GB,iOS,0,0,99.87,0
20,1,56.2,2634.0,US,Windows,0,0,66.43,0
19,1,54.05,937.0,IN,Android,1,0,89.73,0
23,1,50.84,6698.0,IN,Windows,0,0,63.62,0
15,0,35.56,2445.0,,Windows,0,0,75.23,1
3,2,38.96,8144.0,IN,Windows,0,0,51.01,1
12,0,49.96,4183.0,IN,Linux,0,0,45.26,0
10,2,41.53,4024.0,GB,Android,0,0,85.65,0
20,0,67.23,5125.0,IN,Linux,0,0,70.06,0
9,0,46.87,1977.0,IN,macOS,0,0,46.95,0
7,2,52.52,2539.0,IN,Windows,0,1,84.66,0
1,1,16.95,3992.0,IN,Windows,1,0,20.76,1
20,1,63.86,1968.0,DE,iOS,1,0,55.42,0
18,0,33.38,8700.0,IN,Android,0,0,40.11,0
0,1,24.15,3843.0,SG,Linux,0,0,91.59,0
10,3,77.92,1541.0,IN,Windows,0,0,62.2,0
11,1,58.95,3143.0,IN,Windows,0,0,71.42,0
11,2,64.54,5329.0,IN,iOS,0,1,75.48,0
22,0,54.09,3440.0,CN,Windows,0,1,84.55,0
3,3,43.14,6767.0,US,Windows,1,0,82.52,0
7,3,39.41,7779.0,DE,macOS,1,0,84.42,0
4,3,60.58,33569.0,RU,iOS,0,1,65.22,0
5,1,67.65,12339.0,IN,Windows,0,1,85.36,0
21,1,43.64,1327.0,US,macOS,0,0,58.2,0
22,0,86.45,3684.0,GB,Windows,0,0,62.76,1
1,4,41.05,3971.0,SG,macOS,1,0,42.34,1
15,1,17.12,7786.0,IN,Windows,0,0,100.0,0
5,0,10.57,2329.0,CN,Android,1,0,52.11,0
4,1,11.24,3213.0,US,macOS,0,0,95.39,0
7,2,36.72,1816.0,RU,iOS,0,1,79.67,0
4,0,40.36,3036.0,IN,Linux,0,0,73.59,0
11,1,58.65,3128.0,IN,Android,0,0,76.61,0
23,1,44.43,3826.0,IN,Linux,0,0,50.83,0
14,2,61.87,1902.0,RU,Linux,1,0,98.9,0
17,0,45.9,10782.0,IN,Windows,0,0,63.49,0
11,1,45.27,7171.0,DE,Android,0,0,88.23,0
0,0,33.45,1542.0,IN,Linux,0,0,60.22,0
2,2,73.45,5018.0,IN,macOS,1,0,44.23,0
6,2,14.37,1405.0,IN,macOS,1,0,100.0,0
5,1,51.03,14383.0,SG,macOS,0,0,59.14,0
20,1,41.37,17877.0,IN,Linux,1,1,78.31,1
20,1,60.64,4700.0,SG,macOS,1,0,15.5,0
20,1,44.58,2485.0,SG,Linux,1,0,68.72,0
15,1,45.17,2889.0,CN,macOS,0,0,80.87,0
13,2,39.67,3419.0,GB,Linux,1,0,72.57,0
15,0,72.87,4512.0,GB,macOS,1,0,68.24,0
9,0,45.05,14711.0,US,Android,0,0,66.2,0
16,1,84.39,10556.0,,Linux,0,0,85.67,0
19,1,50.44,10687.0,US,Windows,0,0,46.71,0
18,0,45.44,5633.0,SG,Windows,0,0,65.74,1
14,2,42.09,1953.0,IN,Android,1,0,95.82,0
1,1,56.28,2654.0,IN,iOS,1,1,43.31,0
17,1,33.23,5159.0,US,Windows,1,0,68.08,0
8,2,47.91,1880.0,SG,iOS,0,0,,0
17,5,45.16,6268.0,IN,Windows,1,0,75.42,0
12,1,51.5,9359.0,RU,iOS,1,0,70.59,0
21,1,52.0,7603.0,IN,iOS,0,0,53.01,0
8,1,53.04,7362.0,IN,Linux,0,0,70.44,0
22,1,46.9,1104.0,CN,iOS,1,1,71.18,0
20,1,76.38,14281.0,IN,Linux,0,0,59.03,0
7,0,53.45,1403.0,US,Windows,0,0,62.5,0
11,4,97.12,4349.0,CN,Android,1,1,58.34,1
12,1,46.0,8061.0,IN,Windows,0,1,28.95,0
18,1,64.18,6548.0,IN,Windows,0,0,86.68,0
16,0,30.48,1768.0,,Windows,1,1,91.51,0
20,2,73.02,2041.0,US,macOS,0,0,38.5,0
8,2,30.91,6184.0,CN,macOS,0,0,91.74,1
12,1,54.12,7396.0,RU,Android,0,0,77.23,0
10,0,,2027.0,US,Android,1,0,50.16,0
21,1,54.04,6728.0,,Android,0,0,66.23,0
7,0,40.3,1462.0,IN,macOS,0,0,57.3,0
14,1,29.21,8099.0,IN,iOS,0,0,86.62,0
2,2,39.57,2423.0,IN,Windows,1,0,53.48,1
20,1,75.83,5242.0,SG,macOS,0,0,100.0,0
9,1,54.35,4583.0,CN,Windows,0,0,90.85,0
8,1,19.22,12438.0,CN,Windows,0,0,47.95,0
13,1,66.91,5965.0,CN,Windows,0,0,99.49,0
11,0,27.17,3043.0,IN,Windows,0,0,83.14,0
20,1,59.87,6553.0,US,iOS,0,0,67.29,0
12,1,56.06,27281.0,IN,Linux,1,0,82.16,0
12,0,57.33,8885.0,US,iOS,1,1,86.64,0
2,1,82.06,4688.0,CN,Linux,0,1,56.35,1
0,3,28.43,2523.0,RU,macOS,1,0,85.03,1
9,2,57.22,3001.0,RU,Windows,0,0,62.21,1
23,1,70.19,8468.0,IN,iOS,0,1,84.66,0
22,1,32.13,2420.0,US,Windows,1,0,67.54,0
15,0,30.08,4925.0,IN,macOS,0,0,51.87,0
15,1,39.26,15523.0,US,iOS,0,0,81.34,0
9,0,51.49,5543.0,IN,Android,0,0,63.18,0
4,0,16.79,2073.0,SG,Android,1,1,72.78,1
0,0,56.03,28065.0,IN,Windows,0,0,77.36,0
8,1,16.83,20130.0,DE,Linux,0,1,96.45,0
7,2,70.87,7339.0,RU,Windows,0,0,62.16,0
4,0,55.28,13638.0,IN,Windows,0,1,54.73,0
6,2,83.26,3970.0,GB,Windows,0,0,99.62,1
0,0,58.38,8774.0,SG,macOS,1,0,70.06,0
14,1,38.9,3502.0,CN,iOS,0,0,60.19,1
22,1,29.03,1662.0,IN,macOS,0,1,76.52,0
16,1,49.78,39087.0,GB,Android,0,0,63.81,0
10,0,44.39,1595.0,IN,Linux,0,0,65.18,0
10,0,68.72,6236.0,IN,Windows,0,0,100.0,0
7,1,26.43,6178.0,IN,macOS,0,0,52.22,0
3,0,85.42,7426.0,US,Windows,0,0,44.11,0
14,1,70.5,4574.0,IN,Linux,1,0,92.06,0
13,0,40.93,4613.0,GB,iOS,0,0,63.17,1
0,1,80.96,5490.0,IN,Windows,0,0,75.74,0
9,0,29.34,7215.0,IN,Windows,1,0,81.49,0
6,2,49.11,4908.0,DE,Windows,0,0,38.5,0
4,2,19.47,4653.0,IN,macOS,1,0,90.53,0
16,2,81.93,1708.0,IN,Windows,0,1,59.9,0
12,1,12.05,24611.0,IN,macOS,0,1,100.0,0
15,0,16.19,7544.0,IN,Windows,1,0,55.67,0
17,3,32.31,5809.0,IN,Android,0,0,98.18,0
23,1,71.45,2982.0,SG,Android,1,0,100.0,0
19,3,64.1,2202.0,GB,Windows,0,0,61.19,0
14,0,47.44,9779.0,IN,Android,0,0,66.57,0
21,0,65.38,4325.0,IN,Windows,0,0,64.35,0
11,1,42.69,8078.0,SG,Windows,0,0,,0
23,2,53.45,1666.0,IN,Linux,1,0,,0
18,1,78.03,16941.0,IN,Windows,0,0,79.59,1
15,0,40.07,10108.0,IN,iOS,0,0,67.42,0
21,2,29.67,4606.0,DE,Android,0,0,78.5,0
12,0,54.41,7145.0,DE,Android,0,0,79.67,0
17,1,59.81,8891.0,IN,Windows,0,0,59.26,0
6,1,47.21,1687.0,IN,macOS,0,0,100.0,0
23,0,65.07,18812.0,SG,macOS,0,0,66.33,0
14,1,40.97,7234.0,IN,Windows,1,0,,0
18,0,47.55,2798.0,IN,Android,1,0,47.29,1
11,2,52.49,2044.0,SG,Android,0,0,82.31,0
20,0,50.75,10826.0,IN,iOS,0,0,89.17,0
1,4,77.27,5819.0,IN,iOS,0,1,74.79,1
2,1,52.39,7231.0,GB,Windows,0,0,89.37,0
12,3,38.92,5021.0,GB,Android,0,0,57.27,0
17,0,55.56,2204.0,IN,iOS,0,0,78.51,0
19,1,65.18,7383.0,IN,macOS,0,0,42.63,0
10,2,60.48,4196.0,IN,Windows,0,0,72.67,0
15,0,59.38,4830.0,IN,Linux,0,0,55.73,0
13,3,15.04,32912.0,IN,Windows,1,0,,0
23,1,2.0,9850.0,IN,Windows,1,0,94.83,0
15,1,70.51,10316.0,IN,iOS,0,0,100.0,0
10,3,53.78,43322.0,IN,iOS,0,0,46.92,0
23,0,44.57,6685.0,IN,iOS,0,1,92.41,0
2,1,58.89,5409.0,US,Windows,0,0,95.18,0
23,1,83.55,2854.0,GB,macOS,1,0,75.84,1
3,1,73.27,3422.0,CN,Linux,1,0,94.44,0
6,2,64.24,956.0,US,Linux,0,1,62.53,0
19,2,27.27,9250.0,DE,Linux,0,0,60.75,0
17,0,,1784.0,IN,iOS,0,0,60.83,0
23,1,2.0,10119.0,DE,Android,1,0,82.85,0
17,2,57.67,4748.0,US,Android,0,0,68.25,0
15,3,67.17,5445.0,RU,Windows,0,1,57.12,0
8,1,68.8,4751.0,CN,Linux,0,0,57.98,0
0,0,58.51,14896.0,IN,Linux,0,0,70.02,0
2,1,41.92,12933.0,RU,macOS,1,0,54.71,0
7,0,33.71,4802.0,GB,Android,1,0,82.03,0
0,1,28.49,2394.0,DE,Windows,0,0,91.51,0
12,1,41.73,10292.0,IN,Windows,0,0,87.53,0
18,1,25.44,2254.0,IN,Android,0,0,100.0,0
23,2,80.12,1417.0,SG,Linux,0,0,77.39,0
11,1,18.95,7322.0,IN,Linux,0,0,100.0,0
21,1,41.06,13027.0,US,Android,0,0,73.31,0
23,1,6.28,3554.0,IN,macOS,1,0,64.99,0
20,2,50.93,6793.0,IN,macOS,0,1,72.14,0
11,1,44.95,3524.0,DE,Windows,0,1,72.99,1
7,0,37.86,8757.0,DE,macOS,1,0,67.77,0
23,2,26.34,11802.0,RU,Linux,0,0,50.51,0
5,2,45.05,3983.0,DE,macOS,0,0,52.37,0
9,1,34.11,2160.0,GB,Linux,1,0,90.4,0
1,0,,1532.0,CN,Windows,0,1,85.01,1
19,1,,10307.0,US,Windows,0,0,100.0,0
15,3,48.44,1980.0,GB,Linux,0,0,62.93,0
2,2,55.66,6618.0,RU,Linux,0,0,61.25,0
5,2,35.71,9154.0,DE,Windows,1,1,49.31,1
13,2,29.31,3291.0,DE,Android,0,0,89.01,1
12,2,44.54,4303.0,US,Windows,0,1,53.94,0
19,1,95.08,10930.0,US,Linux,1,1,69.44,0
6,0,39.25,2575.0,GB,macOS,0,0,75.64,0
22,0,52.23,2374.0,DE,macOS,1,0,41.86,0
10,0,28.43,4074.0,US,Windows,0,0,83.98,0
19,3,2.0,13661.0,IN,Windows,0,0,88.18,0
5,3,29.2,17829.0,IN,Windows,1,0,74.98,1
0,0,92.61,4541.0,IN,Windows,0,1,68.44,0
1,2,56.91,2780.0,IN,Windows,0,0,69.42,0
8,1,77.82,11514.0,IN,macOS,0,0,95.2,0
22,0,38.05,1293.0,IN,Linux,0,0,70.96,0
1,2,2.0,5991.0,IN,Windows,0,0,69.64,0
8,2,22.83,4745.0,SG,macOS,0,0,57.64,0
2,2,52.94,13836.0,US,Windows,0,0,19.62,0
22,2,49.75,15003.0,SG,iOS,0,0,89.73,0
16,0,44.79,2312.0,IN,Linux,0,0,69.95,0
18,2,34.4,5620.0,IN,Linux,1,0,54.24,0
17,0,63.79,3114.0,IN,Windows,0,0,100.0,0
15,1,34.97,3887.0,IN,Linux,0,0,77.91,0
18,0,51.16,8054.0,IN,Linux,0,0,66.29,0
0,4,48.91,3760.0,US,iOS,1,0,88.33,1
20,1,37.63,5740.0,IN,Windows,1,0,76.62,0
17,0,27.37,10570.0,SG,Linux,1,1,76.27,0
17,3,36.45,16517.0,US,Android,1,0,59.04,0
9,4,82.47,6192.0,IN,Linux,0,0,82.53,0
19,4,67.25,5400.0,SG,Linux,0,0,86.93,1
9,0,65.41,2027.0,US,iOS,1,0,59.14,0
1,0,29.27,17477.0,IN,Windows,1,0,35.89,1
21,3,16.25,7307.0,US,Windows,0,1,87.1,0
5,1,66.93,5481.0,GB,iOS,0,0,81.31,0
2,1,63.1,5261.0,,Windows,0,0,85.16,0
14,1,47.74,6559.0,CN,Android,0,0,70.83,0
5,1,37.59,9113.0,IN,Windows,1,0,87.33,0
20,0,15.72,10061.0,IN,Windows,0,0,58.25,0
10,0,62.35,17830.0,SG,Windows,0,0,66.64,0
0,3,68.72,5968.0,GB,Android,0,0,51.16,0
22,1,31.42,19997.0,CN,Windows,0,0,90.83,1
12,1,29.75,11455.0,SG,Windows,1,0,69.16,0
6,3,69.82,4684.0,US,Windows,0,0,74.17,0
16,1,32.16,1295.0,GB,Windows,0,0,77.8,0
12,0,80.58,5263.0,IN,Windows,1,0,65.71,0
0,2,42.82,17099.0,IN,iOS,0,0,84.8,0
18,0,37.27,2643.0,IN,macOS,0,0,99.84,0
9,4,45.9,5250.0,IN,Windows,0,0,87.63,0
16,4,37.27,5609.0,GB,Windows,0,0,38.98,0
21,2,67.52,10443.0,GB,Windows,0,0,71.98,0
14,0,62.72,3604.0,CN,Windows,0,0,72.79,0
16,2,66.76,2452.0,IN,Windows,0,0,,0
6,2,48.69,7754.0,IN,iOS,1,0,60.12,0
5,1,35.87,2712.0,IN,Windows,0,0,51.27,0
9,2,44.82,1132.0,US,Linux,0,1,85.04,0
20,3,36.49,21425.0,IN,macOS,0,0,69.65,0
12,2,74.33,10318.0,IN,Windows,0,1,58.77,0
8,2,65.05,22175.0,GB,Android,1,0,65.32,0
18,1,43.17,9889.0,IN,macOS,0,0,44.6,1
20,0,26.47,8470.0,GB,Windows,0,0,73.06,0
21,1,75.82,6605.0,IN,Android,1,0,,0
7,3,47.73,4235.0,IN,Windows,0,0,79.59,0
17,1,42.4,7403.0,RU,Windows,0,1,66.31,0
14,1,75.99,3157.0,IN,macOS,0,0,70.64,0
10,2,34.8,2089.0,IN,macOS,0,0,61.8,0
9,0,38.62,3768.0,,Windows,1,0,65.42,1
2,1,40.38,13811.0,IN,Windows,1,0,49.66,1
6,1,18.67,1834.0,IN,Android,1,0,88.58,0
13,2,51.31,1857.0,IN,macOS,1,0,69.25,0
21,0,29.75,7888.0,GB,Linux,0,0,34.2,0
20,1,,3526.0,US,Linux,0,0,41.46,0
4,0,30.91,7247.0,GB,macOS,0,0,88.68,0
16,1,33.26,10850.0,CN,macOS,1,0,69.22,0
2,2,28.22,7110.0,IN,Windows,1,0,69.64,0
16,0,49.94,2964.0,IN,Windows,0,0,69.95,0
8,3,,13716.0,CN,Linux,0,0,78.77,0
10,0,45.96,8899.0,IN,macOS,0,0,97.55,0
17,0,,5021.0,CN,macOS,1,0,78.01,0
10,2,41.89,4831.0,CN,macOS,1,0,75.53,0
19,1,57.1,6629.0,CN,Linux,0,0,59.72,0
12,1,59.37,3829.0,IN,Windows,0,0,42.23,0
23,3,43.74,1333.0,US,Android,1,0,78.54,0
15,2,50.48,8956.0,SG,iOS,0,0,79.99,0
7,0,45.41,8541.0,IN,Android,0,0,89.79,0
18,1,49.05,780.0,US,Android,1,0,100.0,0
9,0,33.27,7395.0,IN,iOS,0,0,49.12,0
12,0,35.12,20034.0,IN,Windows,0,1,58.95,0
3,0,45.34,1994.0,SG,Linux,0,1,82.03,0
2,1,5.56,4635.0,CN,Linux,0,0,70.02,0
13,0,74.92,4249.0,IN,Linux,0,0,95.98,0
4,1,88.22,18552.0,IN,Android,0,1,66.52,1
23,1,48.41,12049.0,US,Windows,1,0,100.0,1
20,3,58.31,2434.0,IN,Windows,0,1,71.01,0
16,0,66.62,6462.0,GB,Windows,1,0,99.3,0
17,0,18.51,31012.0,DE,Windows,0,0,26.68,1
14,1,63.57,2982.0,IN,Linux,0,0,78.75,0
1,2,36.47,4871.0,DE,Windows,0,0,70.42,0
9,1,90.81,7412.0,IN,Windows,0,0,32.31,0
11,1,41.23,3017.0,IN,Linux,0,1,69.72,0
21,2,63.16,20142.0,SG,macOS,1,0,47.72,0
5,1,41.43,3367.0,IN,macOS,0,0,60.65,1
11,0,88.93,1618.0,IN,Windows,0,0,75.49,0
8,3,34.75,3229.0,GB,iOS,1,0,67.79,0
3,1,68.3,8287.0,IN,Windows,0,1,76.41,0
2,0,57.53,2595.0,IN,macOS,1,0,72.83,0
8,1,53.09,6259.0,SG,Android,1,0,100.0,1
1,1,49.58,7708.0,IN,Android,0,0,74.67,0
1,0,31.66,1868.0,IN,Linux,0,0,72.03,0
8,4,2.0,3131.0,IN,Windows,0,0,77.58,0
4,1,66.49,6498.0,DE,Android,0,0,69.53,0
13,1,35.22,8621.0,IN,macOS,0,1,41.49,0
0,1,68.39,3194.0,RU,Android,0,0,82.45,0
7,3,52.03,5549.0,IN,Linux,1,0,93.23,0
10,1,69.01,3916.0,SG,iOS,0,0,97.99,0
23,1,61.04,8798.0,,iOS,0,0,82.41,1
15,0,2.0,7447.0,DE,macOS,1,0,65.16,0
21,1,57.3,3645.0,DE,iOS,0,0,74.73,0
8,1,38.13,7207.0,IN,Linux,0,0,100.0,0
10,3,68.3,3533.0,IN,Windows,0,0,65.97,0
10,1,56.82,7086.0,IN,macOS,1,0,48.52,0
21,0,57.06,7166.0,IN,macOS,0,0,100.0,0
23,0,39.56,32756.0,IN,Linux,0,0,51.67,0
23,1,26.75,3756.0,GB,Windows,1,0,41.71,0
18,1,36.34,4390.0,IN,macOS,0,0,75.74,1
12,1,9.0,2928.0,CN,Windows,0,1,77.36,0
12,0,33.19,2151.0,DE,macOS,0,0,78.25,1
23,1,15.72,3411.0,IN,iOS,0,0,85.81,0
6,1,16.25,8367.0,IN,Windows,0,0,67.09,0
8,1,47.33,8866.0,US,Android,0,0,67.35,0
21,0,55.68,6226.0,IN,Windows,0,0,59.68,0
9,0,44.36,3879.0,IN,Linux,1,1,72.46,1
5,1,35.02,3312.0,US,iOS,0,0,79.75,0
13,1,26.05,2360.0,GB,Windows,0,0,86.32,0
7,1,38.66,3148.0,IN,Windows,0,1,53.84,0
21,2,28.56,1744.0,IN,iOS,0,0,47.57,0
21,0,43.74,14564.0,IN,Windows,0,1,85.93,0
7,3,14.57,21370.0,IN,Windows,1,1,60.48,0
12,1,59.03,1045.0,,Linux,0,0,52.27,0
23,0,33.66,6194.0,DE,Windows,0,1,36.7,1
17,2,52.53,6113.0,GB,Windows,0,0,95.33,0
5,1,62.74,5808.0,IN,Android,1,0,74.96,1
14,1,51.56,3059.0,CN,Linux,0,0,79.82,0
14,0,,11137.0,GB,Linux,0,0,77.87,0
15,2,3.67,6825.0,IN,macOS,0,0,,0
0,0,35.14,11241.0,SG,Windows,0,0,69.58,0
7,4,67.06,2724.0,DE,Linux,0,0,68.73,0
20,4,55.18,1625.0,US,iOS,0,0,52.42,0
5,0,81.97,6960.0,IN,macOS,1,0,38.22,0
7,1,79.09,2275.0,SG,Linux,1,0,100.0,1
7,0,50.99,11426.0,IN,Linux,0,0,70.68,0
4,2,39.96,897.0,IN,Android,0,0,62.12,0
3,4,25.83,3378.0,SG,macOS,0,1,55.58,1
8,1,35.48,3003.0,SG,Windows,1,0,88.89,0
20,0,36.84,3767.0,GB,Linux,0,1,72.61,0
0,0,33.14,6056.0,IN,Windows,0,0,54.46,0
6,5,26.63,6748.0,IN,iOS,0,0,64.54,0
1,3,53.03,8199.0,SG,macOS,0,0,75.6,1
13,0,78.93,8991.0,DE,Linux,0,1,63.04,0
6,1,63.67,4285.0,SG,Windows,1,0,84.67,0
19,1,38.55,26555.0,IN,iOS,0,1,100.0,0
14,0,65.28,14908.0,CN,Windows,0,0,62.4,0
18,0,51.93,3829.0,IN,macOS,0,0,64.87,0
15,3,44.19,4405.0,IN,Android,0,1,55.06,0
10,0,42.94,3765.0,SG,iOS,0,0,67.24,0
20,1,41.0,6572.0,IN,Windows,0,0,34.71,0
11,0,58.02,2258.0,GB,macOS,1,0,89.79,0
22,3,47.79,2613.0,US,Windows,1,0,45.99,0
23,1,30.43,868.0,,iOS,0,0,55.49,0
14,0,29.46,3573.0,IN,Windows,0,0,71.51,0
16,1,51.12,11520.0,IN,Linux,1,0,94.79,0
6,2,53.57,4352.0,GB,Linux,0,0,54.62,0
19,0,38.74,4551.0,SG,Android,0,0,66.64,0
16,0,22.36,6140.0,RU,Windows,1,0,75.28,0
21,0,70.02,2204.0,IN,Windows,0,0,57.91,0
6,3,65.77,5015.0,DE,Android,1,0,67.83,0
18,1,5.25,10019.0,IN,Windows,0,0,41.37,0
11,1,71.79,6281.0,IN,Windows,1,0,60.5,0
4,2,40.82,10749.0,IN,Windows,0,0,92.15,0
4,0,48.8,13512.0,IN,iOS,1,0,84.68,0
13,0,67.76,8350.0,IN,macOS,0,0,62.01,0
7,1,78.05,2777.0,IN,macOS,0,0,51.76,0
2,0,65.06,3732.0,IN,Android,0,0,66.18,0
10,0,49.82,23045.0,SG,Android,1,0,43.65,0
15,2,17.49,6319.0,,Linux,0,0,66.46,0
7,1,4.48,5680.0,SG,Windows,0,0,62.62,0
22,1,62.56,2470.0,SG,macOS,0,0,61.96,0
18,0,71.84,4568.0,IN,macOS,0,0,67.46,0
12,1,28.71,8718.0,DE,Windows,0,0,79.66,0
22,0,39.6,4973.0,IN,Android,0,0,51.3,0
10,2,33.85,3244.0,IN,Windows,1,0,87.24,0
3,1,33.32,3905.0,DE,Linux,0,0,90.25,0
0,0,66.5,12752.0,US,Linux,0,0,100.0,0
22,0,49.37,8385.0,IN,iOS,0,0,75.33,0
23,3,40.42,7534.0,RU,Windows,0,0,96.51,0
17,0,98.15,6993.0,DE,Windows,0,1,87.58,0
2,2,16.31,1908.0,IN,Linux,1,0,73.43,0
7,1,55.96,6111.0,IN,iOS,0,0,48.09,0
0,3,24.02,11550.0,RU,Linux,0,0,86.11,0
1,1,41.85,3989.0,CN,Linux,0,0,74.32,0
5,1,47.97,10742.0,GB,iOS,0,0,100.0,0
13,0,61.89,7602.0,DE,macOS,1,0,83.32,0
1,1,39.78,9529.0,US,Windows,1,0,89.0,0
23,2,37.66,5119.0,IN,Windows,0,1,59.59,1
10,1,39.42,9989.0,RU,macOS,0,0,74.4,1
6,1,23.4,1523.0,GB,Linux,0,0,35.38,0
12,0,57.65,5047.0,US,Windows,0,0,79.98,0
18,1,50.63,8694.0,GB,Linux,0,0,91.92,0
7,1,53.7,6229.0,US,iOS,0,0,95.05,0
1,1,43.61,11808.0,IN,macOS,1,0,63.61,0
1,0,41.14,4334.0,GB,Linux,1,1,37.35,1
20,1,68.51,3172.0,IN,Windows,1,0,60.32,0
2,0,65.44,1324.0,IN,Windows,0,0,68.6,0
15,2,73.3,3951.0,IN,iOS,1,0,77.36,0
9,1,52.45,7432.0,IN,macOS,0,0,33.47,0
18,1,72.05,9035.0,RU,Windows,1,1,68.12,1
1,0,36.68,1605.0,IN,macOS,0,0,51.33,0
21,1,40.98,12585.0,IN,Windows,0,0,96.04,0
16,0,68.9,2254.0,DE,Windows,0,0,27.97,0
10,0,61.87,4461.0,RU,Windows,0,0,88.23,0
4,2,39.19,3118.0,DE,Android,0,0,67.13,0
23,1,24.07,6862.0,CN,macOS,0,0,33.16,0
7,4,40.92,5299.0,GB,Linux,0,0,100.0,0
11,0,31.3,8454.0,DE,Linux,0,0,94.3,0
9,1,79.49,21484.0,IN,Android,0,1,92.5,0
5,1,60.2,6757.0,IN,Windows,1,0,71.68,1
9,0,29.68,3098.0,IN,Windows,0,0,57.91,0
3,3,24.1,7107.0,DE,Android,0,0,71.17,0
0,3,29.43,23298.0,GB,Android,0,0,79.83,0
6,1,33.82,8309.0,DE,Windows,0,0,60.24,0
2,2,41.67,10473.0,GB,Windows,1,0,54.56,0
9,1,67.29,1374.0,DE,macOS,0,0,78.88,0
20,2,25.67,6698.0,IN,Windows,1,0,73.52,0
3,1,90.79,3966.0,IN,macOS,0,0,86.67,0
0,1,26.13,2852.0,US,macOS,0,0,97.41,1
2,2,16.82,4828.0,IN,macOS,0,0,85.41,0
12,0,78.77,5361.0,RU,Linux,1,0,49.26,0
6,2,71.43,2982.0,IN,Android,1,0,69.77,0
11,3,41.35,5715.0,IN,iOS,0,0,76.97,0
0,0,52.63,4278.0,GB,macOS,0,0,84.57,0
7,1,53.13,8621.0,IN,Linux,0,0,,0
9,2,47.73,5896.0,US,iOS,0,0,68.96,0
10,2,19.07,6639.0,IN,Linux,0,0,,0
13,1,2.0,10759.0,IN,Windows,1,1,88.16,1
18,0,28.11,7662.0,DE,Windows,1,1,76.8,0
11,0,81.32,4891.0,IN,Windows,0,0,75.07,0
20,1,82.11,926.0,US,Windows,0,0,57.32,0
12,0,39.76,7413.0,IN,macOS,0,1,100.0,0
6,0,25.84,2370.0,US,Windows,1,0,74.48,0
5,1,50.56,4587.0,IN,Linux,1,1,68.44,1
7,1,53.78,6613.0,IN,Android,1,0,74.48,1
14,1,57.01,14277.0,DE,Windows,1,0,67.63,0
5,0,2.0,21458.0,US,Linux,0,0,46.8,1
21,2,108.16,2352.0,RU,iOS,0,0,75.38,0
11,1,67.65,1715.0,SG,Windows,1,0,43.87,1
20,0,41.04,6378.0,US,Windows,0,0,71.86,0
16,1,30.63,5967.0,IN,Windows,1,0,41.32,0
8,1,64.75,1879.0,DE,macOS,1,1,31.22,1
5,1,54.91,4850.0,US,Linux,0,1,,0
17,1,46.84,7927.0,SG,iOS,0,0,50.13,0
7,3,54.17,1837.0,US,macOS,1,0,77.82,0
5,1,42.75,2218.0,IN,macOS,0,0,73.05,0
22,1,53.04,2936.0,SG,iOS,0,0,72.64,0
11,3,59.53,4147.0,SG,Windows,0,1,58.71,0
1,0,,8563.0,IN,Android,0,0,67.64,0
11,1,50.82,3785.0,GB,macOS,0,0,58.19,0
11,0,72.86,5137.0,US,macOS,0,0,87.01,0
20,3,13.06,29642.0,US,macOS,0,1,61.31,0
17,1,29.04,2287.0,RU,Windows,1,0,,1
4,1,45.53,2915.0,IN,Android,0,0,83.4,0
3,3,30.4,8455.0,IN,macOS,1,0,58.81,0
14,1,37.08,10834.0,IN,macOS,1,0,37.76,1
1,1,70.75,6849.0,RU,Android,1,0,50.9,0
7,0,42.02,20893.0,IN,Linux,1,0,89.0,0
3,2,8.42,6336.0,GB,iOS,0,0,71.49,0
0,0,36.53,1011.0,SG,Windows,0,0,75.26,1
22,1,46.16,5311.0,SG,Windows,0,0,75.32,0
2,0,45.79,3113.0,IN,Windows,0,0,100.0,0
0,1,56.12,14869.0,IN,Windows,0,0,32.65,1
22,1,54.49,10633.0,CN,Linux,0,0,67.7,0
4,0,42.22,1378.0,US,Windows,1,0,70.54,1
19,1,21.14,14476.0,IN,macOS,1,0,69.64,0
0,2,36.18,10420.0,IN,iOS,0,0,84.39,0
3,1,32.54,3791.0,SG,macOS,0,0,84.85,0
2,1,39.3,4616.0,RU,Linux,1,0,66.11,1
16,2,58.82,14969.0,US,iOS,1,1,39.59,0
14,2,53.08,1015.0,IN,macOS,0,0,100.0,0
11,4,61.48,7019.0,DE,Android,0,0,69.89,0
5,3,37.32,11787.0,IN,Windows,1,0,71.57,1
2,1,75.17,4578.0,RU,macOS,0,0,92.72,1
13,1,58.46,8253.0,IN,Windows,0,0,62.92,0
5,0,47.24,5338.0,IN,Windows,0,0,93.25,0
14,1,57.07,2625.0,IN,Windows,0,0,64.48,0
16,2,31.48,2573.0,IN,macOS,0,0,100.0,0
20,1,2.82,8687.0,IN,Windows,1,1,78.2,1
11,2,32.87,2956.0,DE,Linux,0,1,57.84,0
0,2,59.95,1451.0,IN,macOS,1,0,100.0,0
6,2,46.6,5420.0,GB,Windows,0,0,80.84,0
20,0,42.26,3260.0,IN,Windows,1,0,59.04,0
12,2,28.04,1883.0,IN,Android,0,0,44.67,0
14,1,5.88,5205.0,US,iOS,0,0,82.56,0
10,2,73.5,9080.0,US,Android,1,0,94.91,0
3,0,40.84,4995.0,IN,macOS,0,0,76.97,0
21,2,36.41,2094.0,SG,Windows,0,0,75.94,0
18,2,31.57,7226.0,IN,Windows,0,0,,0
23,1,70.09,11250.0,IN,Linux,0,0,80.77,0
20,0,62.63,28866.0,IN,iOS,1,1,58.16,0
6,4,,15576.0,GB,Windows,1,0,58.93,1
6,0,68.29,2199.0,IN,Windows,0,0,80.0,1
5,3,42.1,9764.0,IN,macOS,0,0,79.04,0
22,4,32.79,6034.0,IN,Linux,0,0,89.58,0
13,0,39.13,1955.0,IN,Linux,1,1,76.64,0
10,1,29.33,6167.0,IN,Android,0,0,82.24,0
23,2,18.58,22810.0,GB,Linux,0,0,76.27,0
14,1,60.52,12793.0,GB,iOS,0,0,87.36,0
21,1,40.59,2185.0,IN,Windows,0,0,83.43,0
23,2,57.34,4969.0,IN,Linux,0,0,65.35,0
1,0,50.74,7283.0,IN,Windows,0,1,66.61,0
8,3,,1232.0,CN,Windows,0,1,75.83,1
17,2,4.08,1266.0,DE,Windows,0,0,72.02,0
19,0,27.66,5562.0,IN,Windows,0,0,93.66,0
3,0,56.39,5620.0,CN,Windows,0,0,73.81,0
7,1,19.5,1129.0,IN,Linux,1,0,44.38,0
13,2,52.46,6703.0,IN,Windows,0,1,48.72,0
19,2,17.19,11726.0,CN,Windows,0,1,65.7,0
2,1,45.33,4127.0,DE,Linux,1,0,82.99,1
14,0,77.2,5156.0,US,Windows,0,0,56.95,0
7,1,60.49,7763.0,US,Windows,0,0,81.72,0
5,0,7.99,6983.0,CN,iOS,0,0,56.19,0
12,1,61.97,1293.0,IN,Linux,0,1,72.86,0
9,0,81.44,2382.0,IN,Android,0,0,77.46,0
15,3,100.94,3581.0,IN,Windows,0,0,49.42,0
7,2,54.5,2468.0,CN,Linux,0,0,77.12,0
19,0,17.71,15892.0,IN,Windows,0,0,99.08,0
1,0,53.69,8165.0,IN,Linux,0,1,66.44,0
20,1,76.92,2023.0,IN,Android,0,0,71.38,0
0,2,41.26,4140.0,IN,Android,1,0,74.56,0
17,1,65.86,12141.0,GB,Linux,1,0,71.63,1
8,0,28.21,2931.0,IN,Windows,0,0,70.43,0
9,3,52.45,9713.0,SG,macOS,0,0,69.04,0
0,0,2.0,14862.0,DE,macOS,0,0,41.79,0
16,1,25.99,13003.0,IN,Linux,1,0,78.15,0
3,2,44.88,5678.0,SG,Linux,0,1,50.65,0
15,2,37.73,13371.0,IN,Linux,0,0,76.78,0
17,0,18.99,3236.0,US,Windows,1,0,82.62,0
20,0,35.01,35908.0,US,Linux,0,1,77.32,1
16,0,51.59,5959.0,IN,Windows,1,0,54.09,0
7,1,43.28,12301.0,IN,Linux,0,0,75.68,1
17,0,46.22,3679.0,US,Linux,0,1,66.15,0
19,1,59.64,7329.0,US,Linux,0,0,59.38,0
7,0,38.14,7591.0,GB,Windows,1,0,100.0,0
2,2,72.18,2338.0,IN,macOS,0,0,53.83,0
21,1,25.21,2283.0,IN,Linux,0,0,78.91,0
3,2,83.56,4173.0,CN,Windows,1,0,97.46,0
14,3,67.26,11900.0,IN,Windows,0,0,76.89,0
5,0,37.88,1136.0,CN,Windows,0,1,58.93,1
3,2,39.21,3677.0,DE,Windows,0,0,60.08,0
18,1,49.13,14015.0,GB,Linux,0,0,44.85,0
3,0,56.97,1834.0,IN,Linux,0,0,71.68,0
16,1,66.89,13401.0,RU,Windows,1,0,72.34,0
16,2,18.19,1994.0,RU,Windows,0,0,65.49,0
1,2,53.75,2361.0,DE,Linux,0,0,95.63,1
4,0,2.67,4369.0,DE,Windows,1,0,69.33,0
19,2,41.45,21999.0,IN,iOS,0,0,42.1,0
12,2,74.08,2945.0,IN,Linux,0,0,97.3,0
2,3,16.65,1229.0,CN,macOS,0,0,49.33,1
23,3,13.02,1601.0,IN,Windows,1,1,79.86,0
6,0,49.42,10358.0,IN,iOS,1,0,82.22,0
0,2,72.75,1663.0,IN,Linux,0,1,69.31,0
22,1,51.51,12713.0,DE,Linux,0,1,87.55,0
0,2,6.91,5197.0,DE,macOS,0,1,72.14,1
13,2,11.34,4790.0,GB,Windows,0,0,64.29,1
23,1,46.95,6234.0,IN,iOS,0,0,33.24,1
13,1,21.42,2590.0,IN,Windows,1,0,39.59,0
14,2,47.73,5488.0,IN,Android,1,0,100.0,0
9,1,48.92,1892.0,CN,iOS,0,0,84.01,0
3,1,35.2,14460.0,IN,Linux,0,0,93.39,0
13,1,81.3,2161.0,CN,Android,0,0,100.0,0
21,1,56.81,6982.0,IN,Windows,0,0,64.34,0
2,3,69.23,2148.0,RU,macOS,0,0,68.33,0
21,1,63.41,3208.0,US,Windows,1,0,41.17,0
9,2,42.0,3644.0,,Windows,1,0,65.66,0
12,0,41.11,50000.0,GB,Linux,1,0,65.19,0
3,0,39.05,4858.0,DE,Linux,1,0,63.84,0
14,1,58.62,2547.0,DE,macOS,0,0,89.8,0
4,2,31.99,3444.0,IN,Windows,0,0,83.76,0
6,0,79.5,1475.0,CN,Linux,1,0,87.45,1
17,1,30.08,4315.0,GB,Windows,0,0,48.92,0
1,1,49.29,21609.0,IN,macOS,0,0,71.4,1
10,0,40.42,6431.0,IN,Windows,0,0,77.06,0
14,2,35.98,10125.0,US,Linux,1,1,100.0,0
3,0,88.45,2373.0,RU,iOS,0,0,72.98,0
7,1,36.22,4177.0,SG,iOS,1,0,67.93,0
8,0,38.91,5786.0,IN,Linux,0,0,90.43,0
15,2,31.72,2751.0,GB,Windows,0,0,66.23,0
23,1,,6768.0,IN,Linux,1,0,79.34,0
20,0,42.97,8041.0,IN,Linux,1,0,78.8,0
4,1,22.61,7588.0,SG,Windows,0,0,61.51,0
0,2,36.51,4355.0,IN,iOS,0,0,58.43,0
1,2,57.19,11763.0,IN,Windows,0,0,69.43,0
14,1,65.54,3999.0,IN,Linux,0,0,62.21,0
3,2,45.48,3718.0,IN,Linux,0,0,43.03,0
5,1,46.18,15572.0,,Android,1,0,82.99,0
20,1,37.78,2027.0,IN,Android,0,0,80.27,0
20,0,34.95,1258.0,IN,Windows,0,0,56.63,0
20,2,26.61,2455.0,RU,macOS,0,0,54.88,0
6,1,13.87,6700.0,IN,Android,0,0,78.8,0
14,1,30.95,13724.0,RU,macOS,0,0,100.0,0
14,0,63.08,2897.0,GB,Windows,0,0,88.37,0
4,2,36.51,20991.0,IN,Linux,1,1,91.61,0
13,1,38.08,5023.0,IN,Android,1,0,64.52,0
12,3,37.69,4481.0,IN,Windows,0,0,77.48,0
9,2,69.89,2490.0,SG,Linux,1,0,67.62,0
18,1,26.43,23414.0,DE,macOS,0,0,56.93,0
16,5,50.54,4358.0,IN,macOS,0,0,73.52,0
12,0,43.63,1693.0,IN,Windows,1,0,54.38,0
17,1,46.36,35106.0,IN,Windows,0,0,56.59,0
18,0,49.89,6734.0,GB,Linux,1,0,61.99,0
13,3,46.14,9312.0,IN,Windows,0,0,63.91,0
6,2,60.86,18868.0,US,Windows,1,0,69.47,1
18,2,44.41,8035.0,US,Linux,0,1,32.81,0
17,0,79.89,10720.0,GB,Windows,0,0,53.22,0
23,0,45.89,5133.0,IN,Linux,0,0,98.28,0
3,1,10.93,8840.0,IN,iOS,1,0,69.84,0
10,0,57.77,4782.0,IN,Linux,0,0,80.11,0
22,0,52.84,4836.0,SG,Windows,0,1,77.49,0
12,0,45.65,5409.0,IN,Windows,1,0,68.05,0
22,1,39.81,3578.0,IN,Linux,0,0,54.11,0
0,1,2.71,7358.0,IN,Linux,0,0,60.1,1
0,0,6.06,7343.0,GB,Android,0,0,100.0,1
19,0,77.95,9463.0,US,macOS,1,0,60.4,0
8,1,33.29,8198.0,DE,Linux,1,1,100.0,0
12,1,64.31,24344.0,GB,Linux,1,1,62.52,0
10,1,12.94,11408.0,RU,Linux,0,0,64.25,0
9,2,24.06,4164.0,RU,Windows,0,0,71.38,0
22,0,,7062.0,IN,Linux,0,0,66.83,0
2,1,42.95,15217.0,IN,Windows,1,0,53.11,0
18,0,55.75,2299.0,RU,Linux,1,1,69.74,1
21,1,44.73,24622.0,DE,Linux,1,0,43.5,0
15,3,40.85,2645.0,CN,Android,0,0,76.56,0
9,2,31.4,10099.0,IN,Windows,0,0,74.05,0
3,3,21.12,4941.0,CN,iOS,1,0,83.11,1
16,0,73.05,4719.0,IN,Linux,0,1,61.06,0
11,2,76.35,1733.0,US,macOS,0,0,83.29,0
3,0,24.23,10158.0,IN,macOS,1,0,77.75,0
8,1,22.92,1753.0,IN,Android,0,0,72.3,0
23,1,38.04,1550.0,IN,macOS,1,0,100.0,0
6,0,51.81,12429.0,IN,Windows,0,0,78.47,0
4,0,41.36,20572.0,IN,Linux,0,0,61.65,1
16,0,54.99,2882.0,CN,iOS,1,0,97.65,0
4,1,44.02,10965.0,CN,Linux,0,0,79.18,0
22,3,42.71,9295.0,RU,Android,0,0,100.0,0
20,1,93.26,4568.0,CN,Android,1,0,36.61,0
23,3,34.5,14309.0,SG,Windows,1,1,64.59,1
21,1,77.8,4312.0,CN,Android,0,1,64.63,1
5,0,73.94,7436.0,IN,Windows,0,0,36.01,0
5,1,55.08,1803.0,IN,Windows,0,0,72.99,0
8,2,6.48,1865.0,RU,macOS,1,0,63.31,1
11,0,45.62,12522.0,IN,Android,0,1,34.02,0
21,2,34.71,7639.0,DE,Linux,0,0,56.21,0
17,1,45.4,4385.0,US,Windows,0,1,94.95,0
15,1,23.74,22613.0,IN,macOS,1,1,86.36,0
21,2,60.13,22423.0,IN,macOS,1,0,57.19,0
15,2,64.7,6984.0,DE,macOS,0,0,56.66,0
9,2,68.4,1534.0,US,Windows,0,0,85.5,0
9,2,37.36,4495.0,IN,Windows,0,0,34.62,0
12,1,23.81,2525.0,US,Linux,0,1,80.68,0
2,1,52.03,5280.0,IN,Windows,0,0,37.03,0
17,3,80.12,2324.0,IN,Android,1,0,99.56,0
15,1,46.39,1888.0,GB,Windows,0,0,81.85,0
17,2,54.05,804.0,IN,Linux,0,0,36.81,0
12,2,40.3,5618.0,CN,Android,1,0,63.15,0
18,1,34.93,781.0,IN,Linux,0,0,75.71,0
22,0,58.17,3804.0,CN,macOS,0,0,34.24,0
13,2,,8566.0,SG,Windows,1,0,69.22,0
10,0,53.07,2758.0,RU,Linux,1,1,78.67,1
2,1,55.15,2063.0,DE,macOS,0,0,32.77,0
18,3,51.95,4655.0,US,Android,0,0,83.43,0
21,2,56.16,2533.0,US,macOS,1,0,67.75,0
16,1,27.94,5702.0,US,Windows,0,0,86.5,0
20,1,26.72,2151.0,IN,Windows,0,0,65.78,0
20,1,44.15,4521.0,IN,Android,0,0,50.97,0
19,0,44.63,3725.0,IN,Linux,1,0,49.22,0
12,0,34.55,4870.0,DE,Windows,0,1,64.38,0
2,3,49.82,18181.0,IN,Linux,0,1,66.6,1
0,2,63.16,5767.0,US,Windows,1,0,89.15,0
4,1,68.75,7358.0,IN,Windows,0,0,64.97,0
10,2,73.25,2981.0,IN,iOS,0,0,41.91,0
17,1,18.7,5876.0,US,Linux,1,0,61.76,0
10,0,21.74,3945.0,RU,Windows,0,0,42.56,1
0,0,39.21,5033.0,IN,Android,0,0,76.3,0
5,0,46.61,8260.0,RU,iOS,1,0,80.44,0
23,0,40.23,3294.0,IN,Android,0,0,83.51,1
23,2,33.95,3574.0,IN,macOS,0,0,64.55,0
9,1,38.91,3330.0,IN,iOS,0,0,57.4,0
19,0,54.67,3279.0,IN,Windows,1,0,60.81,0
17,3,18.41,5645.0,IN,Android,0,0,68.36,0
22,2,91.87,3673.0,IN,Windows,0,0,60.83,0
21,0,45.42,16291.0,DE,Windows,0,0,98.97,0
15,0,66.02,41912.0,GB,Windows,0,0,63.41,0
9,3,33.4,3120.0,IN,Windows,1,0,68.16,0
15,2,56.49,6218.0,RU,macOS,0,0,56.47,0
7,2,47.0,11276.0,GB,Android,0,0,56.88,0
8,1,62.14,3973.0,IN,Windows,0,0,47.09,0
14,2,41.03,2218.0,IN,Android,1,0,51.49,0
13,1,76.03,19743.0,IN,macOS,0,0,100.0,0
13,1,15.16,8509.0,SG,Windows,0,0,79.79,0
9,1,63.99,6342.0,IN,macOS,0,0,63.9,0
9,1,47.37,15684.0,IN,Windows,1,0,,0
0,2,24.63,9101.0,IN,Windows,0,0,92.24,0
14,3,84.04,4730.0,IN,Linux,0,1,54.96,0
13,1,81.97,2250.0,IN,iOS,0,0,39.34,0
22,2,3.52,3312.0,US,Windows,0,0,78.55,1
12,1,48.54,12886.0,CN,Windows,0,0,53.32,0
11,1,59.11,8482.0,IN,Linux,0,1,46.9,0
1,1,53.83,4233.0,IN,macOS,0,0,50.34,0
4,1,75.31,20196.0,IN,iOS,0,0,77.47,0
8,4,71.15,4334.0,IN,Linux,1,1,68.12,0
9,1,50.3,10829.0,GB,Android,0,1,52.28,0
8,0,90.54,5861.0,CN,macOS,0,0,78.45,0
9,1,63.74,23072.0,DE,Windows,0,0,55.1,0
18,1,37.97,8977.0,IN,Linux,1,0,40.56,0
3,1,33.95,5100.0,RU,Windows,1,1,46.46,1
7,0,69.87,4260.0,SG,macOS,1,0,70.4,0
3,3,29.14,4855.0,IN,Windows,1,0,55.9,0
7,0,36.81,2751.0,CN,Windows,0,0,71.89,0
16,2,40.21,1647.0,DE,iOS,0,0,90.02,0
1,3,52.11,6292.0,SG,iOS,0,0,58.66,0
8,1,41.13,3207.0,IN,Linux,0,0,100.0,0
0,2,18.66,3200.0,IN,macOS,1,0,74.97,0
22,0,68.24,4578.0,SG,iOS,0,0,66.83,0
17,5,36.91,5124.0,IN,Windows,0,0,45.98,0
5,1,85.4,4944.0,CN,macOS,0,0,63.73,1
4,0,,19745.0,IN,Windows,1,0,65.53,1
2,0,70.34,8349.0,IN,Android,1,1,83.68,0
11,1,57.62,26536.0,DE,Windows,1,0,59.28,1
18,3,71.3,3459.0,US,Android,0,0,77.78,0
14,1,56.41,9200.0,IN,Windows,1,0,70.76,0
21,1,49.7,3617.0,DE,Linux,1,0,87.55,0
8,1,66.86,3137.0,DE,Android,0,0,88.97,0
6,0,94.72,27349.0,US,Windows,0,0,76.0,0
11,0,39.6,2658.0,IN,iOS,0,0,83.77,0
4,1,60.9,824.0,US,Windows,1,0,90.22,0
23,1,44.9,2790.0,US,Linux,1,0,79.67,1
4,1,55.12,986.0,,macOS,0,0,75.0,0
11,0,45.84,2296.0,GB,Windows,0,0,77.37,0
12,2,2.0,2473.0,IN,macOS,0,1,99.01,0
1,1,41.0,5055.0,IN,Linux,1,0,72.03,0
11,1,64.99,954.0,,Linux,0,0,83.12,0
10,1,29.7,12794.0,IN,macOS,1,0,57.83,0
6,1,63.42,1096.0,US,Linux,0,0,97.02,0
3,0,48.67,4437.0,SG,Windows,0,0,78.09,0
1,0,41.17,3792.0,CN,Windows,0,0,63.78,0
0,1,63.12,9512.0,US,iOS,0,0,68.74,0
11,4,58.62,6511.0,DE,Linux,0,0,66.07,0
2,2,53.41,12702.0,GB,Windows,0,1,70.09,1
23,1,65.32,3681.0,IN,Windows,0,0,73.78,0
5,0,49.06,3389.0,US,macOS,0,0,66.46,0
15,0,12.11,6838.0,IN,Linux,0,0,41.42,0
16,0,37.44,11197.0,IN,Windows,1,0,100.0,1
11,1,8.91,9510.0,RU,Android,0,0,74.79,1
21,2,58.15,6358.0,US,iOS,1,0,74.88,0
2,2,62.92,5920.0,IN,Android,0,1,69.14,0
5,2,63.83,4774.0,US,Linux,0,1,86.34,0
6,2,54.78,6822.0,CN,Windows,0,0,70.87,0
3,2,64.36,25033.0,IN,Windows,0,0,64.4,0
7,3,13.47,4048.0,CN,Windows,1,0,65.55,0
7,1,42.85,3672.0,CN,macOS,1,1,92.52,0
18,3,16.7,3454.0,US,Windows,0,0,73.64,0
7,1,37.83,6711.0,IN,Linux,0,1,69.37,0
21,0,77.33,900.0,IN,Linux,1,0,62.16,0
18,0,66.86,4411.0,IN,macOS,1,0,64.23,0
21,1,58.25,9942.0,IN,Windows,0,0,89.45,0
2,1,41.37,3226.0,SG,Android,0,0,53.51,0
23,2,25.13,5707.0,CN,Linux,0,0,82.05,0
14,3,48.74,26568.0,IN,Linux,1,0,82.72,0
23,0,67.21,6408.0,IN,iOS,0,0,73.88,0
8,0,53.2,819.0,US,Windows,0,0,66.58,0
22,2,13.29,1591.0,IN,Android,0,1,43.32,0
14,1,47.09,4021.0,US,Android,0,0,81.95,0
1,3,6.73,2584.0,RU,iOS,0,0,41.29,0
9,3,61.08,5339.0,IN,Linux,0,0,73.0,0
3,2,31.14,3883.0,IN,Windows,1,0,70.94,0
22,0,20.54,12492.0,,Windows,1,0,83.82,0
7,1,61.36,2053.0,IN,Android,0,0,53.88,0
5,2,56.19,4163.0,CN,Windows,1,0,52.99,0
13,1,49.65,5848.0,CN,Windows,0,1,79.62,0
10,0,88.83,6457.0,IN,iOS,0,0,66.93,0
2,2,57.7,5527.0,US,Linux,0,0,33.69,0
19,2,32.1,714.0,SG,Windows,1,0,69.89,0
20,1,55.38,5253.0,IN,macOS,0,0,100.0,0
17,2,39.28,4356.0,IN,Windows,0,0,79.88,1
14,1,70.34,9811.0,CN,Linux,0,0,48.66,0
9,4,50.62,8764.0,IN,Windows,1,0,78.45,0
13,1,52.6,5959.0,US,Linux,0,0,87.69,0
12,2,16.15,6314.0,IN,Windows,1,0,38.95,0
3,0,46.23,14500.0,IN,macOS,1,0,64.83,0
1,0,43.87,12336.0,SG,Windows,1,0,93.39,1
6,0,24.52,6126.0,DE,Windows,1,0,42.56,0
10,0,40.57,27346.0,US,iOS,0,0,64.96,0
3,4,53.72,2973.0,IN,Android,1,0,66.13,1
2,2,44.91,1904.0,SG,Linux,0,0,62.52,0
20,3,16.76,4872.0,IN,iOS,0,0,94.77,0
8,3,39.54,3644.0,US,Windows,0,0,92.0,0
14,0,35.64,684.0,IN,Linux,0,0,64.56,1
12,1,48.87,2916.0,US,iOS,0,1,51.69,0
17,1,46.71,6470.0,US,Linux,0,0,92.91,0
17,1,36.77,4692.0,IN,Windows,0,0,,0
7,2,35.99,2641.0,US,Android,0,0,69.7,0
20,0,46.34,5084.0,IN,Windows,0,0,81.79,0
8,3,64.26,5423.0,GB,Windows,0,0,81.66,0
20,1,50.57,8709.0,US,macOS,0,0,54.26,0
9,2,,2942.0,RU,Windows,0,0,59.31,0
2,2,67.66,9888.0,IN,Windows,1,0,70.1,0
18,0,74.93,2054.0,IN,Windows,0,1,35.2,0
0,0,72.37,3286.0,IN,Linux,1,0,63.83,0
18,0,76.26,19133.0,IN,Linux,0,0,55.74,0
1,0,21.94,2167.0,US,macOS,1,0,73.09,0
4,1,57.95,2902.0,IN,Linux,1,1,49.73,1
14,4,69.37,1804.0,IN,macOS,0,0,77.73,0
22,0,72.98,2536.0,IN,Windows,1,0,,0
9,0,29.59,5490.0,US,Windows,0,0,68.17,0
2,3,58.15,8649.0,DE,iOS,1,0,78.45,0
5,1,46.5,4842.0,IN,Linux,0,0,80.66,0
21,1,81.94,3790.0,CN,Windows,0,1,65.72,0
17,1,17.25,1819.0,IN,iOS,0,0,70.64,0
2,0,29.61,2747.0,US,Linux,0,0,57.78,0
9,2,8.79,1427.0,IN,Linux,1,0,57.57,0
6,1,47.89,8860.0,SG,Windows,1,0,98.45,0
4,0,90.28,9366.0,IN,macOS,0,1,66.36,0
20,0,44.11,4758.0,CN,Windows,0,0,69.79,0
14,0,47.02,6996.0,DE,macOS,1,1,68.61,1
4,0,56.0,9907.0,US,macOS,1,0,76.69,0
15,2,42.67,5329.0,US,macOS,0,0,60.21,0
9,2,52.32,14986.0,IN,Windows,0,1,61.94,0
1,1,52.84,2167.0,IN,Windows,0,1,86.87,0
10,1,28.09,3718.0,RU,Android,0,0,43.23,1
4,2,43.12,3381.0,SG,iOS,1,0,73.36,1
5,1,59.84,8249.0,IN,Windows,0,0,55.22,0
21,4,63.57,1560.0,IN,Windows,0,0,33.84,0
17,3,70.97,15652.0,IN,macOS,0,1,68.54,0
3,0,51.71,7703.0,DE,Android,0,0,49.22,0
20,1,52.12,19935.0,US,iOS,0,0,46.0,0
13,3,60.0,4758.0,GB,macOS,1,0,100.0,0
20,0,33.1,3164.0,IN,Windows,1,1,79.76,0
17,1,32.28,8314.0,RU,macOS,0,1,80.2,1
8,0,42.5,11209.0,IN,Android,0,0,69.04,0
12,0,19.5,2775.0,IN,Windows,0,0,48.51,0
12,1,53.14,994.0,CN,Linux,1,0,67.02,0
17,1,65.98,1140.0,DE,Windows,1,0,63.61,1
5,0,30.8,6058.0,US,Windows,0,1,35.36,0
7,0,53.7,16851.0,RU,Android,0,0,100.0,0
5,2,32.42,1736.0,IN,Windows,1,0,68.39,0
7,0,24.67,3953.0,IN,macOS,0,0,55.01,0
3,3,86.11,3719.0,IN,Windows,0,0,72.22,0
0,2,24.96,22844.0,IN,Windows,0,0,45.18,1
22,1,19.41,29940.0,DE,Linux,0,1,53.12,0
1,1,49.29,6902.0,US,Windows,0,0,97.66,0
21,0,50.37,10081.0,IN,macOS,0,0,60.64,1
0,2,58.34,9859.0,SG,Windows,1,0,69.67,0
18,2,85.02,1765.0,IN,macOS,0,0,71.86,0
7,1,29.46,8594.0,IN,iOS,0,0,66.87,0
12,1,33.43,2174.0,IN,Linux,0,0,60.3,0
6,0,77.18,4285.0,DE,Windows,0,0,100.0,0
11,1,63.78,12232.0,IN,Android,0,1,56.66,0
10,1,61.0,5244.0,,Windows,0,0,53.91,0
12,0,33.2,11873.0,SG,Windows,1,0,78.83,0
9,1,67.52,13897.0,SG,Android,0,0,46.87,0
12,1,61.06,1205.0,DE,Windows,0,0,88.38,0
19,1,48.79,861.0,US,macOS,1,0,66.38,0
10,2,33.3,12452.0,RU,Windows,0,0,72.32,0
8,3,47.13,12861.0,US,macOS,0,0,75.32,0
3,4,77.97,6035.0,IN,macOS,0,0,63.89,0
8,2,23.12,6726.0,IN,Linux,0,0,86.48,0
3,0,29.0,10041.0,SG,Linux,0,1,81.7,0
4,1,32.44,9892.0,IN,Windows,0,0,79.3,0
22,3,36.78,3853.0,SG,Windows,0,0,42.74,0
2,1,44.69,10558.0,CN,Android,0,0,63.72,0
11,1,64.17,3725.0,IN,Android,1,0,68.0,0
20,1,54.23,5972.0,IN,macOS,0,0,100.0,0
22,2,46.22,5768.0,IN,macOS,0,0,44.55,0
3,0,50.54,2471.0,IN,Linux,0,0,58.51,0
3,0,57.48,2712.0,GB,Linux,0,0,89.47,0
8,2,11.37,29357.0,IN,macOS,0,0,53.1,0
13,0,66.43,2408.0,IN,Windows,0,0,58.16,0
23,1,28.47,6608.0,US,Linux,0,0,100.0,0
4,1,36.13,7815.0,IN,Windows,0,0,76.58,1
3,1,51.81,4706.0,IN,Windows,1,0,85.44,1
6,1,43.49,8410.0,IN,macOS,0,0,83.01,0
20,2,54.74,6394.0,SG,Windows,0,0,72.11,0
0,1,47.84,2450.0,IN,macOS,0,1,71.65,0
9,2,39.21,7551.0,IN,iOS,0,0,85.96,0
2,3,75.58,3179.0,IN,iOS,0,1,54.75,0
3,1,59.16,19782.0,GB,Android,0,0,100.0,0
22,2,51.04,6928.0,DE,Android,0,0,60.39,0
0,1,58.85,2807.0,IN,Linux,1,0,88.42,0
7,0,30.89,6463.0,US,macOS,1,0,79.11,0
21,2,,2345.0,DE,macOS,0,0,60.15,0
14,3,23.25,6040.0,RU,iOS,1,0,78.7,0
1,2,47.26,4103.0,GB,Linux,0,1,72.29,0
11,0,39.27,2536.0,GB,Linux,1,0,38.22,0
23,0,38.51,2511.0,,Android,0,0,68.44,0
9,0,35.91,34474.0,IN,macOS,0,0,47.52,0
12,1,29.57,5288.0,RU,Windows,0,0,79.13,0
12,1,68.77,3479.0,IN,Linux,0,1,67.45,0
15,0,20.91,3029.0,IN,Linux,0,0,85.79,0
4,1,64.67,7165.0,GB,macOS,0,0,57.46,0
20,1,57.97,2949.0,RU,iOS,0,0,46.67,0
23,0,37.38,2047.0,IN,macOS,0,0,50.63,1
3,0,55.65,4789.0,RU,Android,0,0,100.0,0
19,1,41.84,4760.0,IN,Windows,0,0,100.0,0
19,1,22.98,3521.0,RU,Windows,0,1,100.0,0
17,2,23.19,2409.0,RU,Windows,0,1,42.28,0
8,1,58.11,3595.0,,Linux,0,0,45.22,0
11,2,57.07,3375.0,RU,Android,0,0,50.83,0
20,2,49.84,3021.0,CN,macOS,0,1,83.93,0
3,2,37.17,6132.0,RU,Linux,0,0,100.0,0
19,2,41.19,29173.0,US,Linux,1,0,86.29,0
22,1,38.49,14263.0,IN,iOS,0,0,73.42,0
16,2,10.06,23238.0,IN,Windows,1,0,53.36,0
8,0,46.23,3121.0,IN,Windows,0,0,64.86,0
13,3,55.45,18765.0,GB,macOS,0,1,71.6,0
1,1,46.35,5895.0,IN,macOS,0,0,85.89,1
22,1,80.38,10819.0,CN,Linux,0,0,61.02,0
8,2,24.91,7088.0,IN,Windows,1,0,77.22,0
1,1,31.78,3735.0,IN,Linux,0,1,,1
19,0,47.66,8739.0,IN,Windows,0,0,71.81,0
15,2,49.88,7244.0,IN,Windows,0,0,62.88,0
14,2,6.98,1194.0,IN,Windows,1,0,72.18,0
1,1,57.05,4450.0,US,Windows,0,1,68.27,1
18,0,49.97,9877.0,IN,Linux,0,0,55.93,0
15,0,2.61,6136.0,SG,macOS,1,1,85.92,1
19,3,42.67,7155.0,IN,Windows,0,0,98.34,0
19,1,28.83,2694.0,DE,Linux,0,0,73.06,0
5,1,35.93,6033.0,DE,Linux,1,0,69.17,0
5,1,18.24,4550.0,IN,Windows,1,0,83.66,0
22,3,53.32,4177.0,IN,macOS,1,1,73.34,0
12,2,80.24,2854.0,SG,Windows,0,0,90.53,0
10,2,50.3,10218.0,DE,iOS,1,1,71.91,0
6,1,2.0,6479.0,IN,macOS,0,0,80.55,0
15,0,50.71,5977.0,GB,Windows,1,0,100.0,0
18,1,41.11,25352.0,IN,iOS,1,0,92.82,0
0,1,22.98,7180.0,IN,Linux,0,1,67.18,0
13,0,52.07,12841.0,IN,Windows,0,0,89.47,0
23,1,62.6,6114.0,DE,Linux,1,0,50.78,0
6,1,31.63,3705.0,IN,macOS,0,1,66.38,0
6,3,12.13,2106.0,US,macOS,1,0,85.0,0
21,0,4.77,5962.0,IN,macOS,1,1,97.54,1
1,0,31.69,584.0,IN,iOS,1,0,56.47,0
9,2,41.89,6112.0,IN,iOS,0,0,69.51,0
10,2,34.68,6325.0,IN,Windows,0,0,70.05,0
19,0,31.33,4130.0,SG,iOS,1,1,68.34,0
3,1,56.36,4565.0,DE,Windows,0,1,48.11,0
10,2,54.26,1806.0,IN,iOS,0,0,79.01,0
3,2,48.99,14891.0,IN,Windows,1,0,47.04,0
18,1,61.33,3753.0,IN,Windows,0,0,90.48,0
15,2,31.87,2258.0,SG,Linux,0,0,94.3,0
11,1,23.11,7599.0,US,Windows,0,0,58.51,0
9,1,34.55,5370.0,SG,Android,0,0,47.16,0
3,1,33.17,3690.0,IN,Windows,0,0,69.42,0
22,0,3.97,3391.0,US,Linux,0,0,60.64,0
15,0,34.09,4893.0,US,iOS,0,1,66.23,0
7,0,67.1,14424.0,GB,macOS,1,0,71.65,1
9,0,61.02,7156.0,IN,macOS,0,0,53.26,0
17,2,55.5,4781.0,IN,iOS,0,0,99.86,0
17,1,47.63,9720.0,IN,Windows,0,0,58.46,0
11,0,73.98,5024.0,CN,Windows,0,1,86.84,0
7,0,23.8,6777.0,IN,Windows,0,0,53.98,0
15,2,25.7,5546.0,DE,Windows,1,0,71.1,0
15,2,67.49,7878.0,CN,Windows,1,0,78.11,0
14,0,45.55,3445.0,US,macOS,0,0,72.44,0
1,0,31.58,1975.0,IN,Windows,0,0,65.43,0
11,3,56.04,10153.0,IN,macOS,0,0,61.13,0
14,3,36.23,16382.0,DE,macOS,1,0,62.68,0
22,0,28.25,2052.0,RU,Linux,1,0,57.85,0
12,0,27.69,5673.0,CN,Linux,1,0,75.99,1
8,2,51.43,3432.0,IN,Windows,0,1,,0
13,1,49.12,9964.0,RU,macOS,1,0,76.47,0
4,1,75.33,5987.0,IN,Linux,0,0,80.72,0
2,0,39.2,50000.0,US,Android,0,0,89.48,0
16,2,38.86,3862.0,IN,Linux,0,0,61.88,0
23,0,73.79,16812.0,IN,macOS,0,1,37.52,1
20,0,64.71,18173.0,US,Windows,0,0,70.05,0
14,0,47.9,7532.0,IN,Windows,0,0,85.39,1
0,0,13.78,5063.0,CN,Linux,0,1,100.0,0
23,0,28.76,5302.0,IN,macOS,0,0,52.36,0
10,3,23.92,4955.0,RU,Linux,0,1,89.8,0
6,2,45.73,12169.0,IN,Android,0,0,74.7,0
21,1,34.83,2445.0,IN,Windows,0,0,63.0,0
17,1,77.06,4321.0,IN,iOS,0,0,51.17,0
17,1,13.57,3922.0,DE,iOS,0,0,59.49,0
6,3,21.77,1235.0,SG,Windows,1,0,80.32,0
23,2,49.89,9771.0,IN,Windows,0,0,92.01,0
10,3,55.43,11503.0,IN,Linux,1,0,20.96,1
12,2,2.0,2959.0,IN,Windows,1,0,,0
18,0,10.29,11205.0,US,Windows,1,0,59.68,0
15,0,39.73,1384.0,GB,Linux,0,1,61.36,0
4,0,72.12,5010.0,SG,macOS,1,1,77.5,1
7,2,82.76,4443.0,IN,Windows,0,0,100.0,0
8,1,36.71,5272.0,IN,iOS,1,0,57.08,0
22,3,41.59,5250.0,IN,Windows,0,0,68.28,0
17,1,28.26,4621.0,CN,Windows,0,1,41.64,1
8,0,57.66,3604.0,US,Windows,0,0,77.89,0
17,1,75.57,4505.0,IN,iOS,1,0,57.58,0
17,1,70.12,14626.0,SG,Android,1,0,98.37,0
9,4,44.42,3093.0,US,Windows,0,1,76.49,0
9,0,28.23,29860.0,IN,macOS,0,0,64.9,0
21,2,45.16,2957.0,IN,Windows,1,0,65.03,1
13,1,72.62,5955.0,SG,Windows,1,0,76.57,1
3,0,36.99,7762.0,DE,Windows,0,0,82.44,0
17,1,8.69,3892.0,IN,Android,1,0,48.96,1
14,3,37.8,14852.0,IN,Linux,0,0,67.33,0
12,1,39.42,7602.0,,Linux,0,0,69.95,0
17,2,8.57,4172.0,GB,Windows,0,1,73.81,0
21,0,49.64,14721.0,IN,iOS,1,1,93.51,1
7,2,55.12,2181.0,IN,iOS,0,0,44.34,1
10,0,82.2,3126.0,IN,Windows,1,0,87.21,0
4,0,18.35,7708.0,CN,macOS,0,0,76.56,0
15,2,59.61,9332.0,IN,macOS,0,1,61.04,0
9,1,64.34,6362.0,,iOS,0,0,84.51,0
8,1,55.39,4439.0,IN,Linux,0,0,63.1,0
16,1,24.86,4019.0,DE,Windows,0,0,37.38,0
9,0,23.7,12150.0,RU,Windows,0,0,8.19,0
11,2,46.94,5957.0,CN,macOS,0,0,48.1,0
10,3,46.8,2446.0,IN,Linux,0,1,60.2,0
6,1,33.81,2336.0,IN,Windows,0,0,73.09,0
3,0,70.83,16494.0,IN,Android,0,0,80.75,0
19,0,36.98,2766.0,DE,Android,0,0,65.36,0
2,0,7.13,6113.0,GB,Linux,0,0,44.62,0
7,3,40.52,14483.0,IN,Linux,0,0,,0
16,2,54.61,7583.0,US,Linux,0,0,66.07,0
3,2,51.84,2681.0,IN,Linux,0,0,100.0,0
15,2,51.68,2181.0,GB,Windows,0,0,80.02,0
17,1,74.88,21937.0,IN,Linux,0,0,40.18,0
15,4,22.7,2137.0,IN,Linux,0,0,64.33,0
7,2,36.53,3157.0,IN,iOS,1,0,82.54,0
0,2,75.9,6621.0,IN,Windows,1,0,70.38,0
21,2,5.65,4125.0,,Windows,0,0,40.77,0
7,0,43.93,7778.0,DE,Linux,0,0,84.73,0
19,0,69.58,1519.0,GB,Android,0,0,76.54,0
4,1,69.28,4153.0,US,Linux,0,0,67.17,0
3,0,58.2,8452.0,IN,Windows,0,0,55.49,0
18,0,58.71,8475.0,RU,Linux,1,1,88.24,0
22,0,24.18,3109.0,RU,Windows,0,0,37.35,0
20,2,72.46,2170.0,US,Linux,1,0,42.02,0
18,0,21.0,5831.0,GB,macOS,0,1,56.77,0
5,0,22.19,1720.0,SG,Linux,0,1,,0
21,0,52.76,13731.0,DE,macOS,0,1,45.45,0
16,1,35.14,5574.0,IN,Windows,0,0,60.19,0
4,2,49.13,2815.0,US,macOS,0,1,63.86,1
3,1,53.62,2114.0,IN,iOS,1,0,76.18,1
20,0,80.56,2962.0,SG,Linux,0,1,65.02,0
6,2,53.67,1409.0,GB,Android,1,0,65.08,0
18,2,32.63,7301.0,CN,Linux,1,0,57.3,0
3,1,58.53,2586.0,IN,macOS,1,0,89.6,0
6,0,28.36,6766.0,US,Windows,1,0,81.88,0
6,0,63.26,7556.0,DE,iOS,0,0,81.23,0
6,2,46.29,10644.0,RU,Windows,1,0,56.0,0
16,0,53.01,6012.0,SG,Windows,0,0,60.77,0
21,2,9.39,12091.0,IN,Windows,0,0,78.58,0
21,1,2.0,14897.0,CN,Linux,0,1,59.42,1
17,2,14.97,6042.0,CN,macOS,1,0,53.32,0
4,0,79.92,6341.0,,macOS,1,0,75.2,0
23,1,22.04,3146.0,US,Windows,0,1,46.46,0
13,1,59.65,2230.0,SG,macOS,0,0,66.23,0
13,5,32.16,13707.0,IN,Windows,0,0,86.06,1
16,1,40.2,7979.0,IN,macOS,1,0,72.62,0
18,2,44.11,8514.0,IN,Windows,0,0,51.15,0
22,0,77.88,3064.0,US,Linux,0,0,78.51,0
13,1,56.69,18018.0,CN,Windows,0,0,59.18,1
14,1,52.7,4093.0,GB,Windows,1,0,85.22,0
17,2,70.93,2588.0,IN,macOS,1,0,79.16,0
6,0,32.34,3106.0,SG,iOS,0,0,63.75,0
7,2,66.37,17274.0,US,Linux,0,0,56.5,0
15,2,63.03,2021.0,IN,Linux,1,0,54.71,0
1,3,62.8,2695.0,GB,Windows,0,0,100.0,1
7,1,41.9,49951.0,US,macOS,0,0,28.76,1
17,4,36.25,10434.0,GB,Linux,1,0,38.32,0
23,3,27.6,2734.0,SG,macOS,0,0,89.84,0
12,1,28.86,2069.0,IN,macOS,1,1,85.96,0
9,3,26.66,1289.0,IN,Linux,0,0,76.49,0
10,2,52.34,5312.0,US,iOS,0,0,34.15,0
16,3,40.43,8799.0,RU,Windows,1,0,79.7,0
13,1,53.63,16565.0,IN,macOS,1,0,52.37,0
0,0,54.76,1080.0,SG,Linux,1,0,68.22,0
12,1,23.8,1702.0,US,Windows,1,0,77.32,0
9,2,23.2,4466.0,IN,Windows,0,0,79.12,0
16,2,40.43,45713.0,IN,macOS,0,0,,0
21,2,29.5,9984.0,IN,Windows,1,1,93.13,0
23,0,27.39,6623.0,IN,Android,1,0,84.63,0
14,2,78.91,1845.0,IN,Windows,1,0,52.72,0
8,1,14.33,901.0,DE,Windows,0,0,61.36,0
10,1,85.46,5070.0,GB,macOS,0,0,56.34,0
4,2,50.78,4539.0,US,Windows,0,0,68.87,1
22,0,64.72,3967.0,IN,Windows,0,0,81.33,1
20,1,62.37,3625.0,IN,Linux,0,0,36.69,0
20,2,57.34,2701.0,RU,Linux,1,0,34.28,0
7,1,78.24,2248.0,CN,Linux,0,0,55.02,0
7,0,23.35,14937.0,DE,Linux,0,0,94.35,0
20,3,41.87,2418.0,IN,macOS,0,0,74.28,0
13,1,27.94,3941.0,RU,Android,0,0,98.39,0
16,3,11.08,4763.0,SG,Windows,0,0,67.2,0
11,2,31.78,8647.0,IN,Android,1,0,54.84,0
10,3,82.45,2486.0,IN,Windows,0,0,39.82,0
15,2,41.53,10748.0,IN,Linux,1,1,55.08,0
19,1,84.67,3091.0,DE,Windows,1,1,58.84,0
8,5,86.72,4318.0,US,Linux,0,1,,1
19,1,104.9,18297.0,IN,Windows,0,0,54.86,0
5,2,83.11,2263.0,IN,Windows,0,0,54.7,0
9,1,92.16,8749.0,IN,Windows,0,0,70.39,0
21,0,51.5,10978.0,,Windows,0,0,69.24,0
22,1,49.57,6298.0,US,Linux,0,0,75.76,0
22,0,50.9,4474.0,IN,Linux,0,0,40.79,1
7,0,45.0,26918.0,US,Windows,0,0,49.57,0
20,1,47.99,4861.0,CN,macOS,0,1,86.67,0
22,1,60.04,5786.0,IN,Windows,1,0,65.34,0
23,1,35.68,3755.0,US,Windows,0,0,85.24,0
0,1,17.45,5546.0,IN,Windows,1,1,67.46,1
17,1,52.27,10629.0,IN,Linux,0,0,73.37,0
23,1,31.14,3943.0,RU,macOS,0,0,79.52,0
18,1,33.21,910.0,CN,Android,0,1,59.98,0
5,1,42.14,7412.0,IN,Windows,0,0,57.99,0
18,2,37.56,2074.0,IN,Linux,0,0,57.76,0
2,0,67.2,8897.0,IN,Linux,0,0,68.6,0
11,0,41.67,4910.0,US,Android,0,0,80.34,0
15,3,68.21,10451.0,IN,macOS,0,1,62.68,0
10,0,49.12,2302.0,IN,Windows,0,0,90.79,0
16,1,43.23,3203.0,IN,iOS,0,0,100.0,0
5,2,48.16,3744.0,GB,Windows,1,1,54.19,1
14,0,19.17,1501.0,RU,iOS,0,0,91.39,0
15,0,51.76,11958.0,IN,Windows,0,0,69.68,0
15,1,61.98,1339.0,DE,Linux,0,0,76.85,0
6,1,64.82,11824.0,SG,Linux,0,0,67.59,0
7,1,17.96,6902.0,IN,Windows,0,0,91.94,0
6,2,14.62,4192.0,RU,macOS,0,0,76.25,0
11,1,34.26,6478.0,GB,Windows,1,0,63.74,0
14,1,72.69,6337.0,US,Windows,1,0,62.49,0
8,3,49.42,3568.0,GB,Windows,0,0,48.38,0
9,2,29.51,6239.0,IN,iOS,0,0,59.71,0
6,0,15.94,8821.0,IN,iOS,0,0,91.97,0
5,2,31.32,2308.0,IN,Linux,0,0,89.49,0
15,3,29.97,6483.0,DE,Linux,1,0,58.48,0
19,0,63.71,601.0,RU,Windows,0,0,50.24,0
6,0,65.25,1050.0,IN,Linux,0,0,87.13,0
20,1,24.0,7720.0,IN,iOS,0,0,77.72,0
13,2,60.06,3518.0,IN,Android,1,0,34.43,1
4,0,58.02,2483.0,CN,macOS,0,0,100.0,0
8,1,21.41,4711.0,IN,Windows,0,0,70.21,0
0,1,43.32,3580.0,RU,macOS,0,0,100.0,0
0,2,51.82,2229.0,IN,iOS,0,0,73.14,0
8,0,48.26,1324.0,IN,iOS,0,1,51.27,0
10,0,10.79,1018.0,IN,Linux,1,1,73.49,0
19,2,47.62,8875.0,IN,Windows,0,0,43.58,0
3,0,57.73,3505.0,IN,iOS,0,0,67.73,0
20,1,76.59,10675.0,RU,Linux,0,0,50.42,0
5,2,31.62,3477.0,US,Windows,0,0,,0
3,1,34.09,6529.0,,Windows,1,0,74.46,0
16,2,40.82,4446.0,GB,Linux,0,0,75.32,0
18,2,50.82,5093.0,IN,Android,0,0,43.72,0
14,2,,5295.0,GB,iOS,0,0,58.39,0
2,1,57.09,3441.0,SG,iOS,0,0,34.45,1
2,1,22.5,1838.0,CN,Linux,0,0,81.18,1
9,2,52.94,9072.0,US,iOS,1,1,73.65,1
10,0,30.16,17586.0,IN,Windows,1,0,48.85,0
23,1,42.13,18534.0,IN,Windows,0,0,95.31,0
6,1,79.16,3157.0,IN,Windows,0,0,78.4,0
4,2,17.04,2734.0,IN,macOS,0,0,68.11,1
22,1,39.41,3154.0,IN,iOS,1,0,61.48,0
3,0,19.51,4270.0,IN,Android,0,0,58.52,0
0,2,48.06,4713.0,CN,iOS,1,0,55.79,0
10,1,65.96,2212.0,RU,Linux,1,0,91.13,1
9,3,48.39,1504.0,IN,macOS,0,0,74.94,0
14,2,42.67,5115.0,CN,Windows,0,0,51.12,0
21,0,71.57,292.0,SG,macOS,0,0,93.34,0
22,1,51.61,4535.0,IN,macOS,1,0,68.37,0
6,1,61.39,2308.0,RU,Linux,0,0,53.46,0
23,1,59.31,9174.0,CN,Windows,1,0,100.0,0
15,2,2.0,11363.0,GB,Windows,1,1,50.29,0
1,2,43.47,11580.0,SG,Android,1,0,55.15,1
22,0,23.44,3725.0,IN,Linux,0,0,70.0,0
3,2,28.41,1982.0,US,Linux,0,0,75.8,0
14,1,74.49,2561.0,DE,iOS,1,0,,0
18,0,37.5,6186.0,US,Windows,0,1,30.2,0
5,1,82.85,1317.0,IN,Windows,1,0,70.58,0
6,0,16.85,14986.0,GB,macOS,0,1,51.17,0
11,1,23.33,3773.0,SG,Windows,0,0,63.54,0
21,0,60.25,7333.0,SG,Linux,0,1,55.42,0
5,3,38.17,1182.0,IN,macOS,0,0,50.49,0
15,1,51.15,2343.0,IN,Linux,0,0,65.2,0
10,1,42.75,1070.0,IN,Windows,1,0,58.62,0
2,0,42.15,11125.0,GB,Windows,0,0,54.88,0
17,3,38.92,4324.0,IN,Android,0,1,87.38,0
19,0,48.59,7762.0,CN,Linux,0,0,52.09,0
13,2,57.83,5171.0,US,Android,1,0,65.46,0
4,0,77.29,7149.0,IN,macOS,1,0,69.33,0
3,0,40.95,3752.0,DE,Windows,0,0,39.57,1
10,2,37.13,4176.0,IN,Windows,0,0,49.88,0
12,0,34.55,4567.0,IN,Linux,0,0,69.29,0
13,0,74.4,6799.0,IN,macOS,1,0,68.61,0
5,0,58.81,6944.0,US,Linux,1,1,55.81,1
12,1,7.02,46590.0,RU,macOS,0,1,69.53,1
7,4,6.14,18869.0,IN,macOS,0,0,74.82,0
16,0,28.4,1184.0,DE,Windows,1,0,80.56,0
19,1,49.6,4383.0,IN,Android,0,1,82.0,0
15,0,44.33,3552.0,IN,Linux,0,0,91.76,0
0,1,55.3,13686.0,GB,macOS,0,0,71.94,0
23,0,41.49,3818.0,SG,Windows,0,1,45.0,0
0,2,72.95,7125.0,CN,Windows,0,0,64.68,0
23,1,60.44,758.0,GB,macOS,0,0,47.16,0
0,0,46.55,1464.0,IN,Windows,1,1,85.21,0
12,1,67.91,26208.0,IN,Android,0,0,,0
2,1,12.02,5116.0,IN,macOS,0,0,69.89,0
2,1,43.3,2211.0,RU,macOS,0,0,90.92,0
16,1,47.75,5969.0,US,Linux,1,0,89.69,0
17,3,57.04,2117.0,IN,iOS,0,0,75.47,0
2,2,10.7,3918.0,IN,iOS,0,0,79.48,0
23,2,39.79,1537.0,IN,Windows,1,1,87.08,1
7,4,53.01,2615.0,DE,Linux,0,0,44.87,0
7,0,54.54,3523.0,IN,iOS,0,0,74.46,0
7,2,68.72,12047.0,CN,Windows,0,0,79.97,0
11,2,60.23,7124.0,IN,Windows,0,1,44.18,0
4,1,,8191.0,SG,iOS,0,0,100.0,0
10,0,58.5,4814.0,IN,Linux,0,1,89.67,0
5,1,40.97,9493.0,IN,iOS,0,0,89.81,0
1,1,47.94,2443.0,IN,Linux,0,1,77.36,0
8,1,60.9,2735.0,IN,Linux,0,1,52.93,0
16,0,44.09,6809.0,CN,Linux,0,0,47.17,0
18,1,52.24,3931.0,SG,Linux,1,0,68.21,0
8,0,64.23,4861.0,IN,iOS,1,0,82.54,0
7,0,59.24,4310.0,US,macOS,1,0,79.76,1
18,0,69.67,13397.0,US,iOS,0,0,100.0,1
16,1,91.57,13967.0,US,Windows,0,0,64.41,0
19,1,59.06,2978.0,IN,iOS,0,0,63.52,0
21,2,35.77,1202.0,IN,macOS,0,0,70.14,0
19,2,55.24,2782.0,IN,Windows,1,0,49.19,0
22,4,54.38,2398.0,RU,Linux,0,0,97.03,0
9,2,57.27,9561.0,IN,Windows,0,0,65.5,0
9,0,74.9,10264.0,DE,Windows,1,0,74.56,0
7,0,11.32,2154.0,RU,iOS,1,0,84.66,0
5,1,75.28,2688.0,IN,iOS,0,0,56.45,0
17,0,82.01,1505.0,IN,Windows,0,0,74.99,0
17,2,56.36,5473.0,IN,Windows,0,0,69.86,0
19,3,56.84,4741.0,GB,Windows,0,0,87.56,0
4,0,40.17,9240.0,IN,Android,0,0,70.15,0
11,1,45.13,7315.0,IN,macOS,1,0,18.58,0
5,1,58.96,8008.0,IN,Linux,0,0,53.18,0
21,5,57.67,1431.0,GB,Linux,0,1,43.0,0
6,4,59.41,2978.0,DE,iOS,0,0,100.0,0
3,0,57.53,10500.0,IN,Windows,1,0,95.46,0
13,4,62.97,3194.0,SG,Windows,0,0,31.29,1
21,1,60.73,1337.0,IN,macOS,0,0,51.81,0
21,1,24.51,9381.0,IN,iOS,0,0,45.07,0
2,1,61.65,3097.0,IN,macOS,0,0,73.9,0
7,1,82.17,11500.0,DE,Android,0,0,52.79,0
3,3,44.47,4843.0,GB,Android,0,0,65.22,0
7,0,74.99,3937.0,IN,Windows,0,0,45.21,0
12,2,26.65,14626.0,IN,macOS,1,0,77.75,0
6,4,44.4,1733.0,IN,Android,0,1,39.77,0
1,1,32.18,15481.0,IN,Windows,0,1,100.0,0
12,0,72.58,2947.0,IN,macOS,0,1,97.08,0
1,0,77.81,5596.0,IN,Windows,1,0,100.0,0
5,2,43.02,5639.0,IN,Android,0,0,80.92,1
0,1,68.42,3492.0,IN,Windows,0,0,98.03,0
2,0,78.01,2671.0,IN,Windows,1,0,86.07,1
10,2,44.34,3656.0,IN,macOS,0,0,51.92,0
20,1,47.6,2183.0,US,Linux,1,0,63.3,0
18,3,59.67,23613.0,IN,Windows,0,0,77.63,1
2,1,28.15,3345.0,GB,Windows,0,1,90.74,1
0,1,47.2,12421.0,IN,Android,0,0,69.88,0
8,2,87.86,11178.0,IN,iOS,0,0,79.98,0
15,0,35.0,6570.0,IN,macOS,0,1,64.01,0
17,1,62.08,4409.0,IN,Windows,0,0,62.58,0
19,2,55.48,5739.0,DE,macOS,0,1,43.51,0
8,1,41.72,7768.0,IN,macOS,1,0,77.97,0
4,3,49.43,5326.0,IN,Linux,1,0,61.14,0
0,1,80.05,1403.0,IN,Windows,0,0,46.87,0
3,4,56.07,1148.0,IN,Windows,0,0,59.33,0
1,1,59.2,16435.0,RU,Windows,1,0,75.14,1
20,2,77.02,597.0,CN,macOS,0,0,82.03,0
6,3,39.21,5748.0,IN,Windows,0,0,66.68,0
19,0,24.06,4073.0,IN,Linux,1,0,89.23,0
13,1,80.37,5589.0,IN,Linux,0,0,96.82,0
12,2,47.73,1974.0,IN,macOS,0,0,64.84,0
10,0,62.87,6506.0,IN,Linux,1,0,87.53,0
19,2,29.75,5795.0,IN,Linux,0,0,57.99,0
1,0,52.77,44748.0,IN,Windows,1,1,46.59,1
2,0,23.06,5453.0,IN,Windows,1,1,52.99,1
10,2,46.27,14452.0,IN,Linux,0,0,54.44,0
9,1,32.04,1482.0,US,Linux,1,0,62.12,0
13,1,27.45,11115.0,RU,Linux,0,0,100.0,0
17,2,38.94,5890.0,IN,Linux,1,0,60.58,0
14,1,2.0,6098.0,DE,Windows,0,1,63.22,0
6,1,21.8,6166.0,IN,Windows,0,0,72.76,0
7,0,60.65,19246.0,IN,macOS,1,0,46.23,0
18,1,51.95,6027.0,GB,Linux,1,0,72.63,0
4,1,23.52,2625.0,IN,macOS,1,0,81.82,0
12,1,55.96,3003.0,RU,Windows,1,0,96.69,0
12,1,27.44,9449.0,CN,Android,1,0,93.65,0
18,0,59.44,7030.0,IN,Windows,0,1,76.54,0
17,3,42.69,1445.0,IN,macOS,1,0,65.98,0
11,0,38.5,7418.0,IN,Linux,0,0,67.02,0
7,3,43.18,2068.0,RU,Linux,0,0,77.34,0
8,0,96.19,6979.0,IN,macOS,0,1,69.16,0
9,2,29.82,2580.0,DE,Windows,1,0,68.37,0
5,2,49.53,3924.0,IN,Windows,0,0,53.18,1
15,1,60.63,3178.0,US,Windows,0,0,82.07,0
5,1,25.75,16566.0,IN,iOS,0,0,75.36,0
15,1,13.11,6778.0,SG,iOS,0,0,56.39,0
18,2,32.98,13479.0,GB,macOS,0,0,96.8,0
23,2,60.19,49820.0,IN,Linux,0,0,73.75,0
2,4,38.16,5102.0,IN,Windows,1,0,44.37,0
18,1,40.38,16344.0,IN,Android,1,1,87.01,0
2,0,63.22,2809.0,US,Windows,0,0,57.89,0
8,1,28.87,13412.0,SG,Windows,0,0,62.62,0
4,0,43.22,2576.0,IN,Android,1,0,66.64,1
3,0,14.72,4843.0,RU,Windows,0,0,85.54,0
4,0,51.41,7552.0,IN,Android,0,0,68.96,0
1,1,49.59,8565.0,SG,Android,0,0,81.13,0
19,1,60.91,1776.0,RU,Android,0,0,41.68,0
1,0,22.09,2456.0,GB,macOS,0,0,50.14,0
9,1,41.16,8016.0,CN,Windows,0,0,70.58,0
16,1,19.43,3662.0,IN,macOS,1,0,56.95,0
23,4,40.08,1607.0,GB,Android,0,0,66.32,0
20,0,74.64,4643.0,IN,macOS,0,1,83.43,0
3,0,38.58,4469.0,IN,Android,0,1,55.54,0
23,1,17.68,5662.0,US,iOS,1,0,56.76,0
15,1,31.4,7506.0,RU,macOS,0,1,71.98,0
4,0,12.78,7133.0,CN,iOS,0,0,31.73,0
10,1,19.08,2658.0,US,Windows,0,0,88.14,0
22,2,58.42,3538.0,SG,iOS,0,0,72.34,0
9,2,16.07,10324.0,SG,iOS,0,1,71.68,0
4,2,51.25,3183.0,DE,Windows,0,0,60.29,0
21,3,45.51,3583.0,IN,Linux,0,0,82.4,0
22,1,34.37,1475.0,IN,Linux,0,0,67.09,0
23,2,49.55,4803.0,IN,Android,1,0,92.07,0
22,2,26.25,6478.0,SG,Windows,0,1,39.2,0
20,1,61.82,1012.0,US,Linux,0,1,71.14,0
10,3,31.03,2088.0,SG,Linux,1,0,70.76,0
4,3,37.27,1576.0,CN,Linux,0,1,75.6,0
14,0,34.89,9234.0,US,iOS,1,0,95.27,0
5,1,58.79,1064.0,SG,Linux,0,1,45.45,1
11,0,55.89,4615.0,US,Linux,0,0,44.9,0
15,1,2.0,8728.0,GB,Android,0,0,63.64,0
22,1,50.08,5712.0,IN,Windows,1,0,35.93,0
6,1,10.11,3457.0,CN,Windows,1,0,100.0,0
6,1,38.17,6485.0,SG,Windows,0,0,86.8,0
17,3,42.84,11266.0,DE,iOS,1,0,79.31,0
0,1,37.96,4509.0,IN,Android,0,0,84.09,0
13,0,55.02,820.0,IN,macOS,1,0,92.88,0
17,2,59.4,12310.0,RU,Windows,0,1,58.94,0
13,1,29.53,6770.0,CN,Linux,0,0,63.5,0
9,1,28.8,4786.0,CN,Linux,0,1,76.16,0
19,1,44.28,1008.0,DE,Linux,0,1,60.92,0
8,0,14.13,3871.0,DE,Windows,0,1,53.3,1
17,1,35.46,2440.0,IN,Windows,0,0,60.47,0
11,2,71.96,1857.0,DE,iOS,0,1,76.87,0
0,0,14.87,4407.0,IN,macOS,0,0,86.41,0
12,3,38.2,3201.0,RU,Windows,0,0,47.13,0
1,3,33.15,3374.0,IN,iOS,0,0,66.58,0
22,0,85.11,8881.0,CN,Linux,0,1,69.03,0
14,4,34.24,6030.0,IN,macOS,0,1,44.97,0
8,0,35.4,3306.0,IN,Windows,0,0,78.08,0
11,0,24.38,2987.0,US,iOS,1,0,68.07,0
14,1,45.19,3416.0,GB,Windows,1,0,53.11,0
6,1,50.4,4032.0,DE,iOS,0,0,61.32,0
6,3,27.28,7842.0,DE,macOS,0,0,79.63,0
10,1,64.77,2134.0,US,Windows,0,0,87.6,0
6,2,50.42,15784.0,IN,Windows,0,0,76.11,0
18,0,62.04,7846.0,RU,Android,0,0,100.0,0
2,5,38.44,550.0,CN,Windows,0,0,90.08,0
19,1,49.86,5262.0,DE,Windows,1,0,79.92,0
8,1,40.74,11300.0,IN,macOS,1,0,,0
13,2,74.15,6707.0,DE,Windows,0,1,90.36,0
3,1,47.33,3534.0,IN,Linux,0,0,56.16,1
9,2,45.18,4680.0,CN,Linux,1,0,83.44,1
18,1,35.84,5668.0,IN,Windows,0,0,26.01,0
6,1,34.68,9097.0,IN,Windows,1,0,61.11,0
3,0,49.75,1584.0,IN,Windows,0,0,44.84,0
12,0,61.39,3029.0,DE,iOS,1,0,64.85,1
3,2,31.31,18231.0,GB,Windows,0,0,42.3,0
7,0,47.53,5046.0,DE,macOS,0,0,70.51,0
10,3,48.68,16686.0,IN,macOS,0,1,78.41,0
13,1,52.17,50000.0,RU,macOS,0,0,58.3,1
15,1,10.85,3316.0,IN,Windows,0,1,64.24,0
16,0,26.51,1886.0,IN,Windows,1,0,73.95,0
20,1,17.68,3974.0,,Linux,1,0,69.15,0
1,1,45.66,11839.0,US,macOS,0,0,94.26,1
8,2,26.98,13242.0,US,macOS,0,0,57.66,0
0,2,35.08,30260.0,IN,Windows,0,0,79.67,1
0,2,21.11,4772.0,DE,macOS,0,0,74.68,0
5,0,36.94,7262.0,IN,Windows,0,0,41.4,0
14,1,22.52,2781.0,IN,Linux,0,0,71.57,0
21,3,60.16,661.0,IN,Linux,0,0,68.44,0
18,1,54.58,4761.0,DE,Windows,0,0,61.14,0
15,1,48.0,1953.0,IN,iOS,0,0,100.0,0
18,2,38.96,8223.0,IN,macOS,1,0,93.13,0
4,3,4.25,1091.0,IN,Windows,1,0,56.27,0
20,0,35.84,2720.0,IN,Windows,1,0,81.44,0
21,1,29.77,6088.0,IN,macOS,0,0,83.39,0
2,1,49.95,6620.0,GB,Android,0,0,72.63,0
11,2,57.39,4732.0,IN,Windows,0,1,50.23,0
19,1,51.49,21892.0,IN,Windows,1,0,52.86,0
11,0,70.26,17250.0,US,macOS,0,0,79.5,0
20,2,33.63,2843.0,IN,Linux,1,0,79.12,0
22,2,32.8,17810.0,DE,Windows,0,1,64.86,0
11,0,65.76,20126.0,GB,Linux,1,0,93.68,1
1,0,48.32,4451.0,DE,Linux,1,0,96.88,0
8,0,40.06,5097.0,US,Windows,0,0,96.67,0
5,3,81.93,4719.0,IN,Linux,0,0,96.75,0
11,2,56.55,2934.0,IN,Windows,0,0,69.71,0
14,0,41.19,3176.0,IN,Windows,0,0,45.97,0
11,1,,14122.0,RU,iOS,0,0,64.2,0
4,0,71.53,6974.0,IN,Windows,0,0,67.93,1
7,2,49.14,3155.0,,Windows,0,0,58.66,0
16,2,45.49,2343.0,GB,Android,1,0,63.15,0
0,1,58.53,2680.0,US,iOS,0,0,49.2,0
5,0,62.6,4311.0,RU,Android,1,0,82.86,0
21,1,56.0,10204.0,IN,Windows,0,0,99.31,0
2,0,62.68,2470.0,RU,macOS,1,0,100.0,0
9,1,54.03,10111.0,DE,macOS,0,0,,0
4,3,56.1,5754.0,DE,macOS,0,0,66.91,1
2,1,30.37,5510.0,IN,Windows,1,0,69.33,1
10,1,81.21,11166.0,IN,Linux,0,1,94.5,0
12,1,20.33,9650.0,IN,Windows,1,0,94.2,0
4,2,51.19,1598.0,SG,macOS,0,0,65.67,1
1,1,18.26,2065.0,IN,Windows,0,0,91.66,0
3,1,43.04,4090.0,,Linux,0,0,72.91,0
15,2,33.57,6534.0,IN,macOS,0,0,56.76,0
20,1,47.72,14642.0,RU,Android,0,1,67.22,0
4,3,51.84,5177.0,IN,iOS,0,0,100.0,0
7,0,25.87,19206.0,IN,macOS,0,1,82.99,0
8,4,44.41,2792.0,DE,Windows,0,0,60.88,0
8,3,72.87,3197.0,RU,Android,0,0,86.87,0
5,2,18.75,3849.0,SG,Windows,0,0,82.85,0
1,0,27.92,2556.0,US,Windows,0,0,64.42,0
12,3,62.22,12426.0,IN,Linux,0,0,56.56,0
8,0,46.55,536.0,IN,macOS,0,0,50.0,0
8,0,48.02,3285.0,IN,Windows,1,0,40.4,0
6,3,65.45,12315.0,IN,Windows,0,1,58.22,1
22,2,29.12,3828.0,IN,Windows,0,0,66.8,0
14,2,34.61,11595.0,US,macOS,1,0,92.68,0
10,0,32.15,28514.0,IN,macOS,1,0,84.84,0
4,4,38.04,5241.0,DE,Linux,0,0,73.54,0
19,2,71.79,12521.0,IN,Linux,1,0,36.27,0
21,1,10.98,34041.0,CN,Android,0,0,75.31,0
0,1,21.12,6780.0,SG,Linux,1,0,40.38,0
22,1,17.69,4729.0,IN,Linux,0,1,85.72,0
16,1,73.03,10117.0,IN,Linux,0,0,86.23,0
2,0,32.71,12675.0,,macOS,0,1,70.92,1
18,2,38.47,4764.0,CN,macOS,0,0,84.7,0
2,0,12.71,3337.0,IN,Windows,0,1,88.26,0
1,1,39.75,19417.0,IN,Android,0,0,71.97,0
2,0,62.33,3958.0,CN,Linux,1,0,67.39,1
11,4,50.06,12772.0,GB,iOS,0,0,46.08,0
14,3,42.84,6065.0,GB,Linux,0,1,63.61,0
9,1,13.7,21196.0,,Linux,0,1,52.06,0
2,1,38.44,2492.0,SG,Windows,1,0,51.88,1
4,1,47.94,2488.0,US,Linux,0,0,56.81,0
20,2,25.16,9736.0,IN,Linux,0,1,34.69,0
23,0,58.1,1990.0,DE,Android,0,0,87.63,0
18,0,62.7,5395.0,IN,Android,0,0,73.94,0
2,2,34.43,16962.0,IN,Linux,0,1,90.9,0
19,1,59.52,1179.0,GB,Android,0,0,84.44,0
16,0,42.81,6780.0,GB,Android,0,0,78.98,0
12,3,67.94,12957.0,CN,iOS,0,0,84.3,1
3,1,85.68,4814.0,US,Windows,1,0,72.71,0
23,2,23.13,2341.0,IN,Windows,0,0,93.49,0
10,3,60.39,3983.0,IN,iOS,0,1,60.82,0
1,1,71.1,2513.0,US,Linux,0,0,69.64,0
5,2,25.59,5194.0,IN,Linux,0,0,64.97,0
9,0,33.5,3939.0,US,Linux,0,0,100.0,0
1,1,33.27,3260.0,IN,Windows,0,0,58.63,0
7,2,42.34,7136.0,IN,Windows,0,0,93.18,0
11,1,37.87,17384.0,IN,Windows,1,0,45.46,0
22,2,41.03,6389.0,IN,Linux,0,0,71.8,0
2,1,61.76,14399.0,IN,Linux,0,0,66.73,0
13,2,7.08,17380.0,US,Linux,0,0,51.62,0
21,1,25.52,3074.0,IN,Windows,0,1,58.04,0
19,1,58.4,6123.0,RU,Windows,0,0,79.06,0
22,1,56.06,3498.0,US,Linux,1,0,63.94,0
4,2,23.83,1502.0,SG,Windows,0,1,52.63,1
19,4,56.19,6533.0,SG,Android,0,0,86.16,0
23,1,71.54,2118.0,RU,Linux,0,0,69.62,0
7,0,44.02,7240.0,RU,Windows,1,0,75.96,0
11,2,24.84,1416.0,IN,Linux,0,0,89.68,0
12,0,62.5,5635.0,IN,macOS,1,0,97.82,0
11,1,79.46,1399.0,DE,Windows,0,0,28.85,0
6,0,27.28,8426.0,US,macOS,0,0,68.07,0
23,0,45.79,3588.0,US,Windows,0,0,39.82,0
22,0,66.8,3321.0,GB,Linux,0,0,100.0,0
9,2,47.31,12103.0,IN,Windows,1,0,72.71,0
19,2,10.05,3800.0,IN,Linux,0,0,87.52,0
9,2,53.87,5371.0,GB,macOS,0,0,58.71,0
19,3,25.42,4193.0,GB,Android,1,0,63.6,0
14,0,19.59,7375.0,SG,Linux,1,0,89.79,0
11,2,10.45,11320.0,,Windows,0,1,79.27,0
3,1,68.81,9590.0,IN,macOS,0,0,100.0,0
15,0,28.31,3383.0,IN,Linux,0,0,54.98,0
7,1,51.67,12929.0,IN,Linux,1,0,66.08,0
5,1,56.58,2361.0,IN,Linux,0,0,79.24,0
4,2,48.24,2714.0,DE,Linux,0,0,81.98,0
23,4,50.93,4437.0,GB,macOS,0,0,77.55,0
2,2,52.62,11355.0,RU,Linux,1,0,46.18,0
19,0,47.76,1927.0,US,Android,0,0,53.03,0
20,1,29.8,10029.0,IN,macOS,0,1,76.15,1
0,1,28.01,4704.0,US,Linux,1,0,42.22,0
14,1,42.9,3474.0,IN,Windows,0,0,54.05,0
13,2,42.48,11828.0,IN,Windows,0,0,70.67,0
8,1,53.59,2586.0,IN,Windows,0,0,56.03,0
16,2,67.03,30593.0,IN,Windows,1,0,74.13,1
9,2,51.88,4267.0,IN,Windows,0,0,68.39,0
10,3,28.78,5541.0,DE,macOS,1,0,55.81,0
10,1,2.0,16887.0,GB,Windows,0,0,56.24,0
19,0,29.62,5658.0,IN,Windows,0,1,93.0,0
15,0,18.11,12722.0,DE,Linux,0,1,76.91,0
9,2,30.39,1030.0,IN,Android,0,0,74.45,0
22,0,49.85,3449.0,US,Windows,0,1,70.99,0
19,1,46.69,6751.0,GB,iOS,1,0,53.67,0
22,0,82.16,11674.0,IN,Android,0,0,59.84,0
17,0,54.66,9098.0,DE,Android,0,1,26.79,1
9,2,83.18,8441.0,IN,macOS,0,0,58.54,0
18,0,59.3,11486.0,IN,Android,0,0,58.85,0
7,2,66.71,7187.0,IN,Linux,1,0,79.87,0
6,0,37.82,885.0,IN,macOS,1,0,,0
10,3,23.51,15580.0,IN,Windows,1,0,84.15,0
23,1,36.02,2515.0,IN,Windows,1,0,65.32,1
13,0,44.76,6316.0,IN,iOS,0,0,72.67,0
9,1,32.44,5681.0,IN,Linux,1,0,69.44,0
11,2,24.98,5104.0,US,Windows,1,0,82.6,0
6,1,53.34,2029.0,SG,Windows,0,0,91.71,0
15,1,24.89,1042.0,SG,Linux,0,0,52.23,0
8,1,14.33,2204.0,GB,Android,1,0,100.0,0
13,1,22.56,9518.0,RU,Android,1,1,54.58,0
8,0,40.31,1545.0,US,Windows,0,0,66.68,0
7,0,25.18,2430.0,DE,Windows,0,0,60.48,0
23,1,40.44,6867.0,DE,Windows,0,0,97.14,0
8,1,57.01,2160.0,SG,macOS,0,1,50.9,0
1,1,56.49,3183.0,DE,Linux,1,0,82.92,0
9,0,31.78,5247.0,RU,macOS,0,1,30.25,1
12,1,18.92,6162.0,IN,Linux,0,1,84.65,0
2,2,33.49,2126.0,CN,Windows,0,0,66.56,0
7,0,58.11,5501.0,IN,Windows,0,0,63.26,0
3,1,62.78,6762.0,IN,Windows,1,0,57.55,0
12,0,52.06,1775.0,IN,macOS,1,0,,1
17,1,69.03,5836.0,US,Linux,0,1,63.61,0
23,1,79.58,2770.0,IN,iOS,0,0,43.16,0
9,0,35.34,5427.0,IN,Windows,0,1,55.87,1
20,2,74.73,8764.0,IN,iOS,1,0,84.37,0
5,1,39.79,4268.0,GB,Windows,1,0,62.75,1
18,3,65.4,10206.0,IN,Windows,0,0,55.77,0
13,2,59.17,9253.0,US,Windows,0,0,70.84,0
18,0,5.46,10161.0,GB,Windows,0,0,78.79,0
18,3,25.68,6785.0,DE,Windows,1,0,81.7,0
12,1,20.57,11856.0,GB,Windows,1,0,76.08,0
6,3,9.36,6688.0,IN,Linux,0,0,91.76,0
12,0,62.59,1295.0,CN,Android,1,0,70.89,0
19,1,86.38,2608.0,RU,macOS,0,0,65.75,0
23,0,39.85,4151.0,IN,Android,0,1,85.72,0
22,2,62.08,4584.0,IN,macOS,0,0,57.25,0
4,0,74.69,6543.0,US,iOS,0,0,62.72,0
14,0,49.17,2577.0,RU,Windows,0,0,,0
2,2,44.49,24513.0,SG,iOS,0,0,100.0,0
16,1,,4528.0,RU,Linux,1,0,100.0,0
23,0,55.75,4885.0,CN,Linux,1,0,66.85,1
1,0,62.49,2874.0,DE,Linux,1,0,83.74,0
15,1,54.24,2202.0,IN,Windows,0,0,82.59,0
22,1,53.55,4442.0,IN,Windows,0,0,73.41,0
20,1,43.98,5024.0,IN,Linux,0,0,91.88,0
9,0,13.14,4585.0,IN,macOS,0,0,47.23,0
2,0,62.95,18474.0,IN,Android,1,0,66.67,1
22,1,19.31,4442.0,IN,Windows,0,0,32.44,0
22,0,57.39,4588.0,SG,Windows,0,0,51.8,0
13,2,60.11,9436.0,IN,macOS,1,0,40.74,0
23,0,22.19,4286.0,SG,Windows,1,0,36.92,0
0,0,32.84,7566.0,RU,Windows,0,0,61.08,0
14,0,87.43,1767.0,IN,Linux,0,0,76.57,0
0,1,43.41,1778.0,IN,macOS,0,0,58.03,0
22,2,20.6,5419.0,IN,Windows,1,1,60.19,1
16,4,61.02,4083.0,,Windows,0,0,56.77,1
21,0,29.55,2573.0,DE,Windows,1,0,,0
13,1,6.59,5418.0,IN,Linux,0,1,59.12,0
1,1,55.4,5810.0,GB,Windows,0,0,51.88,0
0,2,,2785.0,SG,Linux,0,0,86.78,1
8,1,51.42,3245.0,IN,Android,0,0,54.3,0
17,2,28.75,5845.0,GB,Windows,0,0,47.11,0
3,1,59.14,2171.0,IN,Windows,1,0,83.32,1
20,2,48.67,3031.0,IN,Windows,0,0,39.69,0
5,3,2.0,7534.0,RU,iOS,0,0,92.13,0
11,1,52.64,4822.0,IN,Linux,0,0,51.53,0
4,2,39.21,3355.0,SG,Android,0,0,71.44,0
11,0,73.33,2386.0,DE,Android,0,0,52.1,0
10,0,,2185.0,IN,iOS,1,1,70.23,0
0,0,60.12,4423.0,DE,Android,0,0,60.62,0
13,1,30.79,24851.0,IN,Windows,0,0,,0
18,1,29.2,7728.0,IN,Linux,0,1,41.13,1
22,0,44.49,1692.0,IN,iOS,0,0,60.27,0
7,1,37.79,8654.0,RU,macOS,0,0,78.55,0
21,3,71.76,2678.0,RU,macOS,1,0,82.14,0
21,0,41.93,4896.0,IN,iOS,0,0,57.07,0
23,0,20.5,3068.0,IN,macOS,0,0,57.11,0
8,4,28.45,24790.0,CN,macOS,1,0,66.86,0
20,3,64.3,1984.0,GB,Linux,0,0,70.02,0
13,1,41.65,6316.0,IN,Windows,0,0,69.94,0
1,1,40.59,2841.0,IN,Windows,0,0,62.19,0
6,1,66.2,8876.0,IN,macOS,0,0,63.42,0
16,2,26.7,6215.0,IN,iOS,1,0,64.83,0
3,3,2.0,13408.0,US,iOS,0,0,26.53,0
10,2,27.94,8730.0,DE,Windows,0,0,62.7,0
18,1,49.84,2822.0,GB,Android,0,0,84.08,0
3,0,40.01,50000.0,IN,Windows,0,0,95.08,0
11,1,13.79,7664.0,DE,Linux,0,0,91.18,0
5,0,65.32,3164.0,US,iOS,0,0,71.62,0
12,0,48.27,5793.0,DE,iOS,0,0,48.6,0
5,0,52.78,8141.0,IN,macOS,1,0,60.14,0
23,2,53.39,7897.0,IN,macOS,0,0,56.29,0
1,6,19.03,7309.0,IN,Linux,0,1,44.64,0
23,1,51.06,10649.0,IN,macOS,1,1,53.04,0
19,4,63.15,9843.0,GB,Windows,1,0,56.88,0
20,1,67.81,2495.0,US,Windows,0,1,44.89,0
20,5,59.43,26541.0,IN,Android,1,0,86.79,1
4,1,55.26,23745.0,US,Windows,0,0,80.96,1
22,1,10.25,9328.0,DE,macOS,1,0,69.11,0
14,1,44.7,5069.0,GB,Linux,1,0,76.87,1
23,0,25.87,5139.0,DE,Windows,0,0,75.51,0
21,2,70.64,3793.0,SG,Windows,0,0,56.8,0
13,1,67.61,4207.0,DE,Windows,0,1,100.0,0
8,0,25.99,855.0,IN,Windows,0,0,56.16,0
2,0,,16717.0,SG,macOS,0,0,39.98,0
2,2,49.97,12606.0,IN,Linux,1,0,72.9,0
9,4,63.02,1285.0,GB,Linux,0,0,80.16,0
19,0,11.49,10017.0,CN,Android,0,0,64.57,0
12,0,2.0,4885.0,IN,macOS,0,0,92.4,0
11,2,45.76,4191.0,IN,macOS,0,0,73.25,0
5,2,2.0,7290.0,IN,Linux,0,0,55.23,0
13,0,48.17,1219.0,CN,macOS,1,0,59.31,0
15,0,56.84,4871.0,IN,Windows,0,0,72.68,0
23,2,69.72,5237.0,SG,Windows,0,0,71.45,0
17,0,32.55,5241.0,IN,Windows,0,0,91.84,0
14,1,48.22,1646.0,IN,macOS,0,0,,0
21,1,58.03,7027.0,IN,Linux,0,0,41.78,0
10,3,21.49,11474.0,SG,iOS,0,0,66.96,0
22,1,63.31,6808.0,IN,Windows,0,0,47.63,0
8,1,50.49,4091.0,RU,Linux,0,0,96.25,0
3,1,32.89,42245.0,GB,Windows,0,1,52.48,1
10,3,47.83,2346.0,RU,Android,1,0,73.64,0
3,0,42.21,9125.0,IN,Linux,1,1,57.44,1
2,1,60.6,5971.0,US,macOS,0,0,34.39,0
21,0,37.79,24584.0,IN,Linux,0,0,47.4,0
19,2,49.54,6697.0,IN,Windows,0,0,65.51,1
5,3,32.58,7950.0,US,Android,0,1,80.23,0
20,1,26.24,7366.0,IN,Android,0,1,79.56,0
1,0,48.43,2108.0,CN,macOS,1,0,46.05,0
6,1,27.06,2453.0,IN,Windows,0,0,75.64,0
16,0,61.01,3942.0,IN,macOS,0,0,87.1,0
7,0,56.84,10571.0,US,macOS,0,0,79.23,0
17,2,29.7,5922.0,IN,iOS,0,0,63.49,0
20,1,49.28,4166.0,IN,Windows,0,0,70.87,0
1,2,29.61,14732.0,CN,iOS,1,0,72.74,0
0,0,12.91,1006.0,IN,Android,0,0,95.15,1
22,1,33.06,1743.0,US,Windows,0,1,100.0,0
12,1,43.99,667.0,IN,macOS,1,0,81.61,0
12,1,55.43,12922.0,IN,Windows,0,0,70.96,0
11,1,47.99,4549.0,IN,Windows,0,0,69.44,0
10,2,63.15,10647.0,SG,macOS,0,0,71.31,0
16,1,25.38,4503.0,US,Windows,0,0,73.7,1
13,1,37.47,11143.0,IN,Windows,1,0,60.71,0
3,3,77.89,4441.0,IN,macOS,1,0,100.0,0
15,1,6.38,6822.0,CN,iOS,0,0,55.75,1
16,0,35.96,6068.0,IN,Windows,1,0,93.32,0
2,0,23.57,6439.0,US,Windows,0,0,30.44,0
9,3,,18916.0,IN,Windows,1,0,65.04,0
18,0,36.31,1340.0,IN,Windows,1,0,63.9,0
14,2,57.04,4653.0,IN,iOS,0,0,74.12,0
3,0,50.11,5758.0,IN,Linux,0,1,63.44,1
0,0,18.89,5108.0,US,macOS,0,0,94.95,0
13,3,33.24,3575.0,IN,Linux,1,0,65.64,0
11,2,45.0,3204.0,SG,iOS,0,0,51.47,0
23,0,59.79,16714.0,IN,Linux,0,1,52.61,1
12,1,93.66,4644.0,IN,iOS,0,0,61.49,0
22,2,59.06,34557.0,IN,macOS,1,0,83.04,0
5,2,24.75,7500.0,IN,iOS,1,0,,1
10,1,43.12,3898.0,IN,Linux,0,0,48.36,0
3,1,48.62,7648.0,IN,Android,0,0,55.6,1
13,1,34.61,5362.0,IN,Windows,1,0,,0
4,0,54.41,14380.0,IN,macOS,0,0,64.86,0
11,1,2.0,1931.0,IN,macOS,0,0,87.32,1
8,3,56.06,1163.0,IN,Linux,0,0,73.09,0
4,1,35.47,6560.0,IN,Linux,0,1,79.9,0
2,0,42.81,9591.0,IN,Windows,0,0,83.44,0
12,0,74.31,6178.0,IN,iOS,0,0,59.44,0
22,0,19.77,8417.0,IN,Linux,1,0,46.94,0
4,3,50.45,7483.0,IN,Windows,0,0,59.43,0
9,2,60.88,1504.0,CN,macOS,0,1,84.78,0
5,2,48.41,6155.0,IN,macOS,0,0,80.85,0
19,1,12.72,14093.0,IN,Windows,0,0,71.42,0
9,2,72.01,5639.0,SG,Windows,0,0,87.08,0
23,0,40.77,1723.0,IN,Linux,0,1,72.62,0
5,1,34.45,3763.0,IN,Android,0,0,64.03,1
1,4,38.79,7673.0,RU,Windows,0,0,41.76,1
13,1,37.36,20671.0,US,Windows,0,0,92.88,0
15,1,21.2,1028.0,US,macOS,0,0,68.27,0
23,0,48.3,6562.0,IN,Windows,0,1,61.87,1
20,1,33.06,2331.0,IN,Android,0,0,68.15,0
21,2,58.42,7377.0,IN,Android,0,0,,0
15,2,55.35,7866.0,DE,Android,0,0,87.87,0
8,0,77.51,4078.0,IN,Windows,0,1,63.52,0
10,3,40.77,8146.0,US,Windows,0,0,78.46,0
3,2,28.94,12233.0,CN,Linux,0,0,92.09,0
10,4,15.61,4308.0,CN,Windows,1,1,76.25,0
8,2,88.87,1686.0,IN,Windows,0,1,72.17,0
0,0,58.24,15374.0,US,Linux,1,0,32.37,1
4,2,31.15,9537.0,GB,Linux,0,0,92.42,0
12,2,78.86,7716.0,SG,Windows,0,1,51.49,0
8,2,72.12,2828.0,RU,Windows,0,0,36.33,0
23,0,17.97,10811.0,DE,Windows,0,0,37.52,0
11,0,29.93,25183.0,GB,macOS,0,1,54.61,1
23,0,,4460.0,IN,Windows,0,0,78.75,0
15,1,23.6,5301.0,US,macOS,1,0,90.89,0
0,1,43.07,2096.0,US,macOS,0,0,76.15,0
4,0,59.24,2764.0,GB,macOS,1,0,100.0,1
16,2,17.53,2080.0,US,iOS,0,0,62.74,0
13,0,,5457.0,IN,iOS,0,0,65.82,0
7,5,68.37,3742.0,IN,Windows,0,0,36.4,0
12,1,53.0,6623.0,CN,Windows,0,0,59.64,0
21,4,43.49,2408.0,IN,Android,0,0,33.24,1
9,0,31.64,4298.0,SG,Android,0,0,45.85,0
1,1,61.62,2292.0,US,Windows,0,0,81.34,0
7,2,21.46,5710.0,IN,iOS,0,0,39.63,0
22,0,49.86,1332.0,IN,Android,0,0,41.41,0
18,1,45.51,5548.0,US,Android,1,0,38.36,0
20,2,67.51,3932.0,SG,Windows,1,0,83.97,0
21,2,33.35,5680.0,IN,Linux,0,0,99.5,0
2,1,35.05,1311.0,RU,Linux,0,0,68.65,0
6,1,20.16,8298.0,DE,Windows,0,0,86.97,0
1,0,53.75,3870.0,IN,Windows,0,0,49.05,0
0,0,36.52,5847.0,IN,Windows,1,1,92.14,0
20,0,27.76,1101.0,IN,Android,0,0,57.12,0
22,0,29.66,1819.0,IN,Linux,0,0,82.02,0
3,2,55.74,3597.0,IN,macOS,0,0,69.51,0
17,2,22.94,14771.0,IN,Windows,0,0,35.48,0
12,0,24.72,7494.0,CN,iOS,0,0,54.07,0
1,0,62.93,5453.0,GB,iOS,1,0,73.08,0
21,1,41.68,2346.0,SG,macOS,0,0,36.71,1
20,1,64.11,2028.0,US,Windows,1,0,75.34,0
13,2,37.81,6132.0,US,Windows,1,0,44.51,0
16,2,44.98,8609.0,RU,Linux,0,1,79.73,0
9,1,48.13,5809.0,IN,Android,0,0,45.51,0
19,2,,19296.0,GB,iOS,0,0,77.98,1
10,2,71.12,2847.0,RU,Windows,0,0,84.7,0
23,1,68.06,5673.0,CN,Windows,1,0,66.97,1
1,1,32.42,1268.0,IN,Linux,0,1,68.56,0
4,2,25.26,5819.0,SG,Windows,1,0,96.74,0
23,3,60.22,15923.0,US,macOS,0,1,55.9,0
6,2,72.54,2136.0,IN,Linux,0,1,60.38,0
7,1,68.26,9640.0,IN,Android,0,0,81.53,0
18,1,45.26,15566.0,IN,Windows,0,0,77.6,0
4,2,59.56,2831.0,IN,Linux,0,0,65.63,0
12,0,59.91,7141.0,IN,Linux,0,0,48.13,0
6,2,47.98,17391.0,IN,Android,0,0,87.53,0
4,1,48.85,5910.0,SG,Android,0,1,47.71,0
23,2,46.96,9222.0,RU,Android,0,0,100.0,1
4,1,29.24,1189.0,RU,Linux,1,0,,1
2,1,31.28,7924.0,US,Windows,0,0,50.11,0
16,1,30.97,7434.0,CN,macOS,0,0,76.15,0
20,0,13.02,1701.0,IN,iOS,1,1,79.88,0
3,1,47.86,2272.0,IN,Windows,0,0,52.47,0
16,2,44.19,7968.0,IN,Windows,1,0,100.0,0
12,2,60.24,3858.0,IN,Windows,1,0,75.94,0
19,0,70.21,11963.0,US,macOS,0,0,65.54,0
3,1,71.49,6302.0,IN,Linux,0,0,76.95,1
23,3,73.37,5142.0,CN,Windows,1,0,91.79,0
14,1,29.86,4288.0,IN,Windows,0,0,98.97,0
20,0,16.36,6211.0,IN,macOS,0,0,73.47,0
8,0,63.61,9343.0,IN,Linux,0,0,47.07,0
22,1,72.64,7533.0,IN,Windows,0,0,47.35,0
15,1,76.12,3504.0,CN,macOS,0,0,44.53,0
3,0,54.7,13247.0,US,Windows,1,0,58.43,0
22,3,5.07,8318.0,IN,Windows,0,0,70.68,0
19,1,52.31,6689.0,GB,Windows,0,0,73.85,0
7,1,56.11,5289.0,IN,Windows,0,0,90.28,1
13,2,70.04,7332.0,IN,Windows,0,0,32.68,0
9,4,73.59,1135.0,IN,Windows,1,0,69.81,0
13,1,63.19,5961.0,,Windows,1,0,78.29,0
23,1,33.25,18254.0,GB,macOS,0,0,19.46,1
21,1,24.42,5860.0,SG,Android,0,0,78.16,0
5,1,55.68,5254.0,IN,Windows,1,0,100.0,0
23,0,29.15,3051.0,GB,macOS,0,1,83.92,1
10,1,74.5,7289.0,,Windows,0,1,75.54,0
16,2,10.91,4205.0,IN,Android,0,0,65.08,0
18,0,56.34,14009.0,IN,Windows,0,0,74.19,0
11,2,51.39,2463.0,IN,Windows,1,0,97.67,0
10,0,40.86,3423.0,IN,Linux,1,0,63.76,0
10,2,26.5,3039.0,IN,Windows,0,0,91.48,0
20,0,3.76,21326.0,IN,Windows,0,0,78.35,0
9,0,34.37,4223.0,IN,Windows,1,0,99.28,0
6,0,34.72,3170.0,DE,macOS,1,1,89.6,0
8,4,67.23,923.0,IN,Windows,1,0,73.41,0
4,2,29.34,2371.0,CN,Windows,0,0,72.25,0
9,1,54.06,7497.0,IN,Android,0,0,64.36,0
2,4,19.16,7473.0,IN,Windows,0,0,87.58,0
2,0,54.6,2919.0,US,Windows,0,0,59.38,0
17,3,2.0,3052.0,US,Linux,0,0,,0
1,1,86.91,21761.0,CN,Windows,0,0,66.52,0
13,3,42.18,42493.0,IN,Android,1,0,45.86,0
18,1,2.0,12330.0,IN,Windows,1,0,73.97,0
17,0,30.65,17110.0,US,Windows,0,0,42.54,0
10,1,27.49,20275.0,US,Android,0,0,61.93,0
4,1,31.88,28902.0,SG,Android,0,1,82.01,1
22,2,37.71,3860.0,SG,macOS,0,0,73.04,0
20,1,31.75,2434.0,IN,Windows,1,0,72.75,0
14,2,28.67,21307.0,DE,Linux,1,0,54.44,0
2,2,21.83,2272.0,DE,iOS,1,1,88.88,0
0,2,61.44,2158.0,US,Linux,0,0,54.05,0
7,2,69.02,2198.0,IN,iOS,0,0,82.71,0
3,2,39.91,4424.0,RU,macOS,1,0,93.38,1
20,2,,1005.0,DE,Android,0,1,42.45,0
4,3,22.47,1562.0,IN,Windows,0,1,62.68,0
6,0,46.42,2987.0,IN,iOS,0,0,61.03,0
23,1,49.6,1888.0,DE,Android,0,0,74.91,0
19,1,40.61,11498.0,RU,Android,0,0,53.02,0
5,3,52.92,4941.0,IN,iOS,0,0,49.02,1
9,1,51.17,7798.0,RU,Android,1,0,69.04,0
12,2,23.92,7144.0,IN,Linux,0,1,59.9,0
15,0,68.86,4165.0,IN,macOS,0,0,67.37,0
22,2,,10835.0,GB,Android,0,0,86.07,0
20,0,78.51,7057.0,IN,macOS,1,0,40.89,0
23,0,53.41,3810.0,IN,Linux,0,0,67.95,0
0,1,84.42,1278.0,DE,Linux,0,0,59.36,0
5,2,68.51,7454.0,IN,Android,0,0,70.43,0
13,1,49.54,1792.0,IN,Windows,0,0,59.43,0
1,0,30.54,6662.0,IN,macOS,0,0,48.76,0
8,1,30.97,5235.0,IN,Linux,1,0,77.08,0
3,3,55.66,1655.0,IN,Android,0,1,100.0,1
22,1,47.86,6043.0,IN,Windows,0,1,68.19,0
1,1,33.22,5728.0,CN,Linux,0,0,56.93,0
3,1,61.66,5744.0,GB,Windows,0,0,56.87,0
4,2,45.78,5528.0,GB,macOS,0,0,86.82,0
3,1,61.78,2916.0,IN,macOS,0,0,54.21,0
13,1,25.49,7889.0,IN,macOS,0,0,93.39,0
8,0,64.99,2835.0,RU,Linux,0,0,40.54,0
21,2,55.02,2080.0,GB,Windows,0,0,73.46,0
6,1,68.95,8431.0,SG,macOS,0,0,81.94,0
12,0,64.55,10396.0,IN,Android,1,0,83.72,0
15,2,,7982.0,US,macOS,0,0,82.46,0
15,1,41.69,4164.0,US,Windows,1,0,74.79,0
19,2,80.66,1042.0,IN,Linux,0,0,90.76,1
4,2,39.19,16080.0,SG,macOS,0,1,52.16,0
12,0,59.97,1029.0,IN,Linux,0,0,58.41,0
19,0,37.37,7855.0,IN,Linux,0,0,62.75,0
20,1,7.76,26587.0,IN,iOS,0,1,96.7,0
14,2,20.45,5539.0,GB,Android,0,0,78.39,0
15,2,53.12,6204.0,SG,Windows,0,0,82.27,0
20,2,59.02,6657.0,IN,Linux,0,0,66.78,0
14,2,53.18,5759.0,CN,macOS,0,1,84.7,0
22,3,67.92,32225.0,IN,Android,1,1,42.06,0
3,0,52.83,2504.0,RU,Windows,0,0,62.64,0
8,1,29.5,2264.0,DE,Windows,1,0,66.09,0
2,2,56.89,3782.0,RU,Linux,1,0,61.46,0
2,4,48.39,19785.0,DE,Linux,0,0,64.22,0
11,0,33.49,3098.0,IN,Windows,0,0,79.84,0
5,3,54.45,6934.0,IN,iOS,1,0,74.29,1
9,1,46.59,11577.0,SG,Windows,1,0,91.49,0
10,1,32.9,9165.0,SG,Windows,1,1,32.45,1
14,1,41.44,11097.0,US,Windows,0,0,96.79,0
22,2,73.27,15281.0,DE,Windows,0,0,58.31,0
20,3,72.62,6289.0,IN,Windows,0,0,93.69,0
9,0,,3410.0,IN,Linux,0,0,62.48,0
7,2,46.15,5529.0,IN,Windows,0,0,76.65,0
18,0,16.34,3747.0,GB,Linux,1,0,50.62,0
2,2,79.39,36947.0,,Linux,0,0,48.11,0
12,3,65.73,3210.0,GB,Linux,1,1,80.46,0
10,2,60.04,7234.0,US,iOS,0,0,22.05,0
4,2,2.0,1479.0,IN,iOS,1,0,48.13,0
14,0,45.82,5466.0,IN,Linux,0,1,,0
7,2,,3906.0,IN,Windows,1,0,62.54,0
4,1,58.66,8438.0,IN,macOS,0,1,54.12,0
15,3,35.98,8616.0,GB,Windows,0,0,97.41,0
4,3,40.37,15269.0,DE,macOS,1,0,100.0,1
16,0,57.39,14329.0,RU,macOS,0,1,70.01,0
3,1,29.53,4661.0,IN,Windows,0,0,92.93,0
10,2,33.52,2309.0,SG,Linux,0,1,97.31,0
19,2,48.87,2536.0,US,Android,1,0,69.71,0
5,1,71.77,6262.0,IN,Linux,1,0,60.78,1
18,1,61.17,5576.0,DE,macOS,0,0,71.6,0
17,2,66.51,6041.0,CN,macOS,0,0,43.82,0
21,2,46.27,3203.0,IN,Linux,0,0,80.22,0
4,3,74.9,15519.0,GB,Windows,0,0,64.07,0
17,1,10.18,1513.0,IN,Linux,0,0,71.02,0
22,1,85.44,3064.0,IN,Windows,0,0,70.76,0
18,0,88.04,2076.0,IN,Linux,0,0,54.74,0
4,2,54.13,4158.0,IN,Windows,1,0,69.36,0
19,2,61.65,13323.0,DE,iOS,1,0,45.53,0
2,0,44.24,3904.0,IN,macOS,0,0,61.32,0
14,0,40.81,5330.0,GB,Windows,0,0,49.96,0
11,0,32.78,8362.0,RU,Android,0,0,54.22,0
12,3,44.02,3758.0,SG,macOS,0,0,29.36,0
12,0,56.12,6675.0,IN,macOS,0,0,62.27,0
0,0,53.4,6007.0,IN,Windows,0,0,,0
12,1,84.73,1989.0,IN,Linux,0,0,73.2,0
22,0,47.01,3390.0,IN,Linux,1,0,89.51,0
10,2,15.22,6527.0,IN,Windows,0,0,52.85,0
6,1,77.89,13708.0,US,Linux,0,0,61.38,0
23,0,20.58,13698.0,GB,Windows,0,0,86.51,0
2,0,33.81,26275.0,IN,Android,0,1,68.44,0
11,2,50.43,7247.0,IN,iOS,0,0,73.33,0
12,1,53.34,3531.0,RU,Windows,1,0,100.0,0
11,2,16.09,4670.0,CN,Windows,0,0,65.42,0
22,3,30.07,4487.0,GB,Windows,0,1,61.29,0
10,3,15.38,3546.0,US,Android,1,0,52.13,0
23,3,57.43,6677.0,GB,Windows,0,0,64.79,0
1,0,68.67,6930.0,IN,Android,0,0,88.39,0
17,0,20.56,1922.0,RU,Android,0,1,80.32,1
14,0,64.91,11737.0,IN,Windows,1,0,95.79,0
5,0,63.62,1131.0,GB,macOS,0,0,76.5,1
5,1,31.82,4113.0,IN,Linux,0,0,29.66,1
17,2,5.35,12326.0,DE,Windows,1,0,81.32,0
15,0,23.57,7990.0,DE,Android,0,0,71.88,0
14,2,33.09,3694.0,DE,Linux,0,0,70.03,0
1,0,75.83,23743.0,IN,Windows,0,1,91.93,1
14,1,42.63,3456.0,US,macOS,0,0,65.06,0
23,1,24.86,991.0,US,macOS,0,0,80.43,0
0,0,47.96,7060.0,DE,macOS,0,1,50.62,0
11,1,19.09,1185.0,IN,Windows,0,0,42.67,0
11,2,55.29,2527.0,US,macOS,0,0,59.22,0
21,1,25.45,8089.0,GB,Windows,0,0,64.35,0
6,2,28.35,3399.0,IN,Linux,0,0,79.86,0
11,1,52.51,7820.0,GB,Windows,1,0,50.25,0
17,1,80.0,1946.0,IN,macOS,0,0,97.13,0
1,0,88.96,9767.0,DE,Android,1,1,52.62,1
19,1,24.2,1271.0,IN,Windows,1,0,68.41,0
19,3,33.07,14114.0,SG,Windows,0,0,70.21,0
17,2,55.31,3360.0,IN,macOS,0,1,75.39,0
15,0,68.38,16729.0,IN,Windows,1,1,78.11,1
17,1,2.0,2509.0,IN,Windows,0,1,100.0,1
18,3,46.75,22921.0,RU,Linux,1,1,59.15,1
21,1,35.26,2284.0,IN,Linux,0,0,75.63,0
10,2,6.52,1170.0,IN,Windows,1,0,68.5,0
10,0,18.26,5087.0,IN,macOS,0,0,87.69,0
15,1,33.64,13190.0,SG,Windows,0,0,78.08,0
4,1,46.18,9252.0,IN,Android,1,0,73.96,0
20,0,65.16,12461.0,US,macOS,0,0,43.11,0
18,0,52.09,9400.0,IN,Windows,0,0,61.84,0
15,1,63.95,2550.0,IN,macOS,0,0,52.42,0
7,2,45.53,9074.0,IN,macOS,1,0,61.95,0
8,0,30.9,5294.0,US,iOS,0,0,55.13,0
10,0,41.33,2786.0,IN,macOS,0,0,60.67,0
15,2,58.91,5673.0,CN,Linux,0,0,62.6,0
18,0,65.65,4698.0,IN,macOS,0,0,62.92,0
16,1,42.04,15257.0,GB,macOS,0,0,64.7,0
22,1,26.42,3255.0,IN,macOS,0,0,53.3,0
23,1,51.71,3136.0,IN,Linux,0,0,70.67,0
16,1,54.56,2810.0,SG,Android,0,0,53.77,0
8,1,69.65,22415.0,DE,Windows,0,1,59.22,0
14,1,31.42,2939.0,GB,iOS,0,0,69.1,0
10,0,31.64,13870.0,DE,Windows,1,1,23.53,1
15,1,60.12,2154.0,IN,Windows,0,0,100.0,0
19,0,36.85,7371.0,CN,Windows,0,0,79.45,0
8,3,36.01,6063.0,IN,iOS,1,1,75.76,0
12,2,70.08,13183.0,RU,Android,1,0,60.61,0
1,1,17.58,11739.0,DE,Linux,0,0,71.69,0
17,2,86.12,5248.0,IN,iOS,0,0,48.22,0
11,1,32.75,3198.0,US,Windows,0,0,78.82,0
11,1,62.33,18033.0,CN,Windows,0,0,39.69,0
12,1,42.82,2953.0,IN,Windows,1,0,47.16,0
5,0,50.43,801.0,IN,Linux,0,0,57.22,0
14,1,39.74,1111.0,GB,Linux,0,0,97.18,0
17,0,62.13,1350.0,IN,Windows,0,0,50.17,0
8,2,38.05,7915.0,IN,Windows,0,1,76.01,0
3,3,33.54,28899.0,DE,Linux,0,0,32.87,0
9,1,81.27,961.0,RU,Windows,0,0,70.45,0
4,0,45.59,2628.0,US,Linux,0,0,100.0,0
8,1,31.49,5278.0,CN,Linux,0,1,79.0,0
15,0,15.19,16923.0,IN,Windows,0,0,32.68,0
2,2,82.31,2617.0,IN,Windows,0,0,70.78,0
17,4,33.96,7884.0,IN,macOS,0,1,61.65,1
5,0,86.24,4024.0,IN,macOS,0,0,92.07,0
21,2,52.98,39566.0,GB,Linux,0,0,68.2,0
17,2,47.86,5517.0,IN,Linux,0,0,44.08,1
6,1,48.4,6533.0,IN,iOS,0,0,67.55,0
13,0,89.32,5257.0,GB,macOS,0,0,57.47,0
2,2,2.0,3527.0,GB,Windows,0,0,31.12,0
2,0,49.29,10508.0,GB,Android,1,1,66.86,0
22,1,39.7,1945.0,US,Linux,0,1,70.08,0
19,1,40.74,991.0,CN,Linux,0,0,76.86,0
3,2,,4358.0,DE,macOS,0,0,88.32,0
6,1,39.67,9438.0,RU,Linux,0,0,64.95,0
4,3,48.76,3088.0,CN,Android,0,1,42.98,1
9,3,44.53,5706.0,SG,Windows,1,0,54.94,0
6,0,18.73,1851.0,IN,Linux,0,0,69.66,0
7,2,52.63,11500.0,US,Windows,0,1,91.87,0
12,1,59.32,8279.0,IN,macOS,1,1,70.07,0
4,1,34.16,4993.0,IN,Windows,0,0,67.62,0
21,5,82.36,5625.0,US,Linux,0,0,65.74,0
17,3,71.71,1612.0,IN,Android,1,1,69.85,0
18,0,61.88,1671.0,US,Windows,1,0,100.0,0
4,2,61.64,4458.0,SG,Windows,0,1,68.48,0
16,1,45.6,7413.0,IN,Linux,0,0,65.26,0
20,0,67.83,7719.0,CN,Linux,0,0,70.69,0
4,1,76.42,3676.0,DE,Windows,0,1,57.83,0
18,0,61.16,8922.0,SG,Windows,1,1,41.9,0
8,0,33.59,15316.0,IN,Windows,0,0,38.68,0
18,2,44.21,4578.0,CN,Windows,0,1,56.92,0
11,0,,6296.0,IN,Android,0,0,91.26,0
19,1,61.75,4162.0,SG,Windows,0,1,91.01,0
3,1,43.45,4442.0,IN,Linux,0,0,49.91,0
9,1,33.66,5629.0,IN,Windows,0,1,67.15,0
6,1,76.68,19199.0,IN,iOS,0,0,72.37,0
5,0,,10221.0,DE,macOS,0,0,56.95,0
7,0,26.17,9510.0,RU,Linux,1,0,93.56,0
9,0,18.46,3419.0,GB,macOS,0,0,83.72,0
3,0,26.13,2396.0,DE,Windows,1,0,76.5,1
16,1,69.95,6712.0,IN,Windows,0,0,71.23,0
13,1,70.62,13293.0,CN,Linux,1,1,41.87,1
19,4,43.52,19511.0,IN,Linux,0,0,94.43,0
16,2,54.93,691.0,RU,Windows,0,0,80.45,0
3,0,44.79,34791.0,DE,Linux,1,0,,0
1,1,21.16,6861.0,IN,macOS,0,0,56.72,0
10,0,89.36,10169.0,IN,Android,0,0,58.28,0
11,1,72.49,1222.0,GB,Android,1,0,78.9,0
5,3,52.09,4066.0,CN,Linux,0,0,89.84,0
18,2,27.88,9493.0,GB,macOS,0,0,100.0,0
13,0,40.5,1920.0,SG,Linux,0,0,56.76,0
17,2,31.15,488.0,CN,Windows,1,0,67.14,0
2,2,46.95,6428.0,IN,macOS,1,0,32.3,0
19,0,51.2,4723.0,US,Windows,0,0,25.7,1
4,1,38.18,15570.0,US,Android,0,0,79.44,1
10,0,15.91,4325.0,IN,Windows,0,0,54.64,0
10,2,87.64,4585.0,SG,Windows,0,1,34.48,1
19,1,49.75,8588.0,IN,Windows,0,0,49.07,0
6,3,54.13,11235.0,DE,Android,0,0,76.17,0
5,2,36.55,2788.0,US,Windows,0,0,76.91,0
8,2,13.76,10463.0,,macOS,1,0,40.53,0
8,0,43.33,3238.0,US,Windows,0,0,92.26,0
4,1,38.54,4980.0,US,macOS,0,0,57.48,0
4,2,59.19,8405.0,IN,Linux,0,0,74.95,0
5,0,63.12,9663.0,SG,iOS,1,0,70.68,0
11,1,60.3,6340.0,IN,Windows,0,0,69.79,0
8,1,64.77,2071.0,US,Windows,1,0,53.14,0
9,1,81.07,1101.0,SG,Windows,0,0,69.56,0
17,0,52.8,4229.0,IN,Linux,0,0,74.85,0
5,2,66.98,10690.0,IN,Android,0,0,66.41,0
21,1,54.88,7043.0,IN,Windows,0,0,71.82,0
18,3,7.0,5965.0,US,iOS,0,0,89.83,0
4,0,41.91,4887.0,IN,Windows,0,0,61.52,0
7,3,27.65,6294.0,IN,Android,0,0,81.76,0
4,2,49.63,2219.0,IN,macOS,0,0,66.21,0
6,2,,9174.0,IN,iOS,0,0,95.64,0
8,1,57.11,9673.0,IN,Linux,0,0,44.69,0
3,1,,3699.0,US,macOS,0,0,93.47,0
0,0,69.07,6972.0,US,Windows,0,1,60.43,1
10,0,77.39,1245.0,US,Linux,1,0,100.0,0
16,0,11.48,5676.0,IN,macOS,0,0,77.84,0
7,0,21.02,4418.0,RU,Windows,0,0,85.3,0
20,1,103.56,13459.0,US,Android,1,1,67.1,0
8,0,65.19,4193.0,SG,Windows,1,0,82.25,0
21,0,49.49,9847.0,US,Windows,0,0,82.25,0
5,1,45.64,3594.0,IN,macOS,1,0,67.44,1
12,3,43.86,789.0,DE,Windows,1,1,83.76,0
18,2,6.33,4103.0,IN,macOS,1,0,9.5,0
1,2,29.55,5753.0,CN,iOS,0,0,58.41,0
22,1,42.76,5545.0,US,Windows,0,0,70.39,0
8,0,30.68,5613.0,IN,Windows,1,0,79.03,0
11,1,33.3,3278.0,IN,Windows,0,0,87.5,0
15,0,96.17,3793.0,DE,Linux,1,0,65.45,0
15,0,39.97,1996.0,IN,macOS,0,0,62.97,0
0,2,50.56,995.0,IN,iOS,0,0,85.69,0
20,2,49.85,4514.0,RU,Windows,1,0,90.73,0
14,1,56.79,2708.0,IN,Windows,0,1,83.32,0
23,2,35.45,11659.0,IN,Windows,0,0,67.25,0
11,2,69.94,858.0,IN,Windows,1,0,100.0,0
14,3,53.87,6203.0,US,Linux,1,0,71.43,0
10,0,19.26,26828.0,US,iOS,1,0,73.9,0
21,3,42.85,4246.0,GB,Windows,1,0,99.39,1
19,0,41.56,4904.0,CN,Android,0,0,97.5,0
21,0,40.64,6912.0,IN,Linux,0,0,82.74,0
12,1,55.19,7359.0,IN,Android,0,1,53.77,0
18,2,57.69,3545.0,IN,Android,0,0,72.03,0
8,1,55.33,2194.0,IN,Android,0,0,79.31,0
11,0,51.78,8285.0,IN,Linux,0,1,100.0,0
18,1,46.71,1068.0,IN,Windows,0,0,100.0,0
1,0,2.0,9564.0,SG,Windows,0,0,59.22,0
17,0,60.56,3592.0,IN,Windows,0,0,85.35,0
0,0,54.77,4927.0,RU,macOS,0,0,55.33,0
13,2,25.3,3228.0,RU,iOS,0,0,67.75,0
11,1,50.61,15440.0,US,macOS,0,0,54.39,0
11,1,57.96,5998.0,RU,Linux,0,0,100.0,0
11,1,68.42,3799.0,DE,Windows,0,0,74.28,0
11,1,55.21,3715.0,IN,macOS,1,0,75.28,0
9,1,51.43,4365.0,US,Windows,0,0,70.89,0
10,1,63.94,33441.0,IN,Windows,1,0,76.77,0
13,2,38.87,1714.0,IN,Windows,1,0,77.39,0
18,0,53.24,11688.0,SG,Android,0,1,57.67,1
13,1,32.58,7743.0,US,Linux,0,1,39.62,0
15,1,67.21,16846.0,IN,iOS,1,0,46.11,1
20,1,12.81,8129.0,GB,Linux,0,1,41.01,0
23,0,61.33,4928.0,CN,macOS,1,1,73.51,1
2,1,45.35,11115.0,IN,Android,0,0,55.3,0
17,0,64.31,5907.0,IN,Android,0,1,87.64,0
5,3,29.39,8991.0,IN,Windows,1,0,74.33,0
4,2,46.8,15407.0,CN,Windows,0,1,36.96,1
19,0,46.21,5292.0,US,Windows,0,0,62.61,0
1,3,53.68,3500.0,IN,Linux,0,0,31.79,0
20,3,24.05,2936.0,US,Windows,1,0,49.4,0
18,0,57.72,7048.0,US,macOS,0,0,61.18,0
23,2,8.08,2434.0,IN,Windows,0,0,52.98,0
16,3,31.64,3715.0,RU,iOS,0,0,100.0,0
20,1,13.75,2266.0,DE,Android,0,1,83.48,0
2,2,61.56,7381.0,IN,macOS,0,0,64.1,0
21,1,53.0,2693.0,CN,macOS,0,0,95.68,0
3,1,54.12,1756.0,IN,Windows,0,0,52.46,0
7,0,74.46,2021.0,IN,Windows,0,0,64.02,0
3,1,38.68,3112.0,IN,Linux,0,1,85.37,1
9,2,57.19,3347.0,IN,iOS,0,0,49.92,0
17,0,46.32,6010.0,US,Windows,0,0,82.33,0
6,2,43.28,4319.0,IN,Linux,0,0,75.27,0
19,2,71.13,6609.0,IN,Android,0,0,80.59,0
14,2,86.64,7048.0,CN,Windows,0,0,100.0,0
15,1,36.37,8887.0,IN,iOS,1,0,78.2,0
22,0,61.67,1068.0,IN,iOS,0,0,72.27,0
10,0,51.38,1995.0,IN,Windows,1,0,43.05,0
8,3,51.62,7661.0,SG,macOS,0,1,73.79,0
23,2,49.94,5820.0,IN,Windows,1,0,61.36,1
13,0,38.34,10738.0,IN,Linux,0,0,67.78,0
14,1,2.0,1429.0,RU,Android,0,0,61.48,0
7,2,75.7,3361.0,IN,Windows,0,0,78.85,0
5,3,31.11,3877.0,SG,iOS,1,0,52.17,0
4,2,40.17,5615.0,US,iOS,1,0,73.82,0
5,1,40.59,5058.0,SG,macOS,0,0,,0
4,1,29.32,7153.0,IN,Windows,0,0,37.62,1
17,0,49.8,4484.0,CN,Windows,0,0,63.85,0
1,1,44.11,14733.0,IN,Linux,1,0,78.35,0
15,0,30.67,19015.0,IN,Windows,0,0,56.01,0
22,1,47.99,2010.0,DE,Windows,0,1,72.46,0
18,0,44.34,5095.0,IN,Windows,0,1,63.47,0
9,2,63.56,9306.0,IN,macOS,0,0,51.36,0
1,2,18.19,7850.0,US,Windows,0,0,80.03,0
20,0,28.89,3547.0,IN,Windows,1,1,58.28,0
0,2,59.51,6026.0,IN,macOS,1,0,76.74,0
16,0,32.21,1385.0,IN,Windows,0,0,43.72,0
16,0,26.93,4840.0,IN,Windows,1,0,72.46,0
4,0,33.19,1528.0,US,Windows,1,0,81.23,0
17,4,42.98,7379.0,DE,Windows,0,1,76.33,0
4,1,43.06,2013.0,IN,Windows,1,0,86.07,0
5,1,40.8,5599.0,IN,Windows,1,0,81.62,1
19,1,24.43,6345.0,IN,Linux,1,0,75.39,0
23,0,60.46,5222.0,IN,Windows,0,0,85.23,0
6,1,71.52,2964.0,IN,Windows,0,0,63.27,0
22,1,6.79,4153.0,US,macOS,0,0,,0
21,1,13.93,12643.0,IN,macOS,0,1,70.39,0
18,2,65.06,3499.0,DE,Linux,0,0,100.0,0
3,0,76.4,5000.0,IN,iOS,0,0,74.92,0
7,1,2.42,3148.0,IN,Android,0,0,46.86,0
16,2,61.31,11118.0,,macOS,0,0,74.55,0
23,1,77.76,5231.0,IN,Linux,1,0,52.88,0
19,1,27.75,2667.0,GB,Windows,0,0,83.11,0
10,0,76.59,4943.0,GB,Linux,0,0,83.44,0
5,1,41.44,4053.0,CN,Linux,0,0,59.04,0
23,2,51.29,14974.0,IN,iOS,1,0,51.32,0
6,1,30.62,4742.0,IN,iOS,0,1,72.39,0
8,0,65.02,1626.0,RU,Windows,0,0,53.73,0
23,2,61.69,7324.0,DE,iOS,0,0,54.91,0
13,0,79.49,20514.0,IN,macOS,0,0,60.89,0
6,1,73.81,12804.0,IN,macOS,1,0,81.24,0
0,3,44.82,2034.0,IN,iOS,0,0,43.29,0
10,1,107.17,3964.0,IN,Windows,0,1,56.42,0
23,4,72.02,4796.0,US,Linux,0,0,100.0,1
10,1,55.81,4842.0,IN,Android,1,0,100.0,0
16,2,25.06,6666.0,CN,Windows,0,0,91.78,0
6,1,14.4,3732.0,US,macOS,0,0,70.79,0
18,1,16.1,2363.0,DE,Android,0,0,83.54,0
18,2,26.33,10524.0,IN,Android,0,0,63.08,0
14,0,72.55,2000.0,US,Windows,0,0,21.31,0
18,1,54.74,2587.0,RU,macOS,0,0,59.74,0
13,1,32.73,1991.0,IN,Windows,1,0,61.47,0
9,0,42.28,8021.0,US,Android,0,0,70.51,0
17,1,39.85,5352.0,IN,Linux,0,0,78.69,0
20,4,61.0,9965.0,IN,macOS,0,0,99.72,0
20,2,27.42,2622.0,SG,Android,1,0,70.57,0
5,1,51.99,1804.0,GB,Linux,0,1,51.94,0
16,0,51.0,3446.0,DE,Linux,0,0,66.47,0
0,2,28.02,4247.0,IN,Linux,1,0,81.59,1
13,1,76.76,5810.0,SG,macOS,0,0,67.98,0
13,2,39.09,1279.0,US,macOS,1,0,55.54,0
8,2,25.14,7208.0,IN,Android,0,1,79.44,0
23,0,62.06,2403.0,RU,Windows,1,0,49.43,1
21,0,46.09,2928.0,IN,Windows,0,0,54.19,0
0,4,53.17,12569.0,IN,Linux,0,0,77.49,1
5,0,21.31,857.0,SG,Windows,1,0,55.87,0
4,2,61.25,6361.0,IN,macOS,0,0,63.65,0
21,0,88.45,6342.0,IN,Linux,0,0,70.29,0
12,3,19.74,2553.0,IN,Windows,0,0,69.25,0
17,1,52.08,3437.0,RU,macOS,0,0,52.58,0
19,0,29.29,13054.0,IN,Windows,0,0,75.92,0
18,5,98.79,23632.0,IN,macOS,0,1,53.48,0
2,2,69.79,11519.0,IN,Windows,0,0,99.71,0
3,1,50.64,22219.0,IN,Windows,1,0,62.77,0
9,0,20.44,2827.0,IN,Windows,0,0,80.94,0
8,1,25.28,1388.0,RU,Linux,0,0,83.2,0
17,0,59.93,4712.0,DE,macOS,0,0,63.61,0
3,2,17.75,9357.0,RU,macOS,1,0,52.59,1
8,1,18.38,1115.0,DE,Windows,0,1,83.13,0
5,0,45.18,2342.0,IN,Linux,0,0,44.39,0
4,0,47.67,2560.0,IN,Linux,1,0,47.14,0
4,0,52.6,6537.0,US,Android,0,0,80.93,0
4,0,36.21,5896.0,IN,Windows,0,1,66.39,1
13,0,63.4,2644.0,GB,macOS,0,0,,0
9,1,27.76,5675.0,IN,macOS,1,0,61.02,0
10,1,57.53,1967.0,DE,macOS,1,0,55.68,0
11,2,49.28,3494.0,IN,Linux,0,0,,0
17,2,57.01,1787.0,IN,Windows,0,0,88.33,0
20,0,68.64,4358.0,CN,Windows,0,0,55.16,0
12,2,35.89,2591.0,IN,Android,0,0,64.37,0
15,0,31.78,8538.0,IN,macOS,0,1,80.74,0
17,0,11.23,4813.0,IN,Linux,1,0,52.44,0
16,1,4.62,4099.0,IN,Linux,0,0,59.94,0
3,0,41.48,20221.0,US,Windows,0,0,64.63,0
23,2,42.85,6678.0,CN,Windows,1,0,54.14,1
3,0,23.28,3661.0,,macOS,0,0,89.74,0
9,1,27.58,3081.0,DE,Windows,0,0,,0
15,2,75.47,1910.0,DE,iOS,0,0,67.9,0
9,1,62.52,4662.0,IN,Windows,1,1,72.1,0
5,1,19.77,6286.0,RU,macOS,0,0,98.55,0
22,1,36.15,1063.0,US,Windows,0,0,68.45,0
1,1,53.12,1650.0,IN,Android,0,0,100.0,0
5,1,32.47,3252.0,CN,Android,1,1,63.47,0
23,1,28.83,2042.0,US,Windows,0,0,66.03,0
17,4,38.24,5088.0,IN,Linux,0,0,86.87,0
2,1,66.81,5686.0,DE,iOS,1,1,100.0,1
18,1,68.63,4457.0,IN,macOS,0,0,65.24,0
23,0,30.29,7632.0,IN,Windows,0,0,92.25,0
2,1,54.21,3078.0,IN,macOS,0,0,85.25,0
9,1,44.87,4738.0,US,Windows,0,0,56.31,0
11,3,24.84,2203.0,IN,Windows,1,0,69.67,0
3,0,39.06,6171.0,IN,Android,1,0,69.27,0
4,0,19.72,5222.0,IN,iOS,0,0,51.43,0
4,0,68.26,1884.0,IN,Windows,0,1,72.96,0
4,1,76.05,4341.0,US,Linux,0,0,71.44,0
9,0,36.79,4768.0,IN,Windows,0,0,,0
11,0,32.02,6154.0,,Android,0,0,71.26,0
5,1,66.09,6339.0,IN,Android,1,0,,0
6,1,69.32,2760.0,IN,iOS,0,0,100.0,0
4,0,22.71,9054.0,,Windows,0,1,73.91,1
19,1,42.04,7468.0,SG,Windows,0,0,93.4,0
5,3,43.82,2753.0,IN,Linux,1,1,77.89,0
21,2,29.58,1970.0,IN,Windows,0,1,97.13,0
12,2,52.72,2926.0,IN,Windows,1,0,56.03,0
19,0,31.0,1514.0,US,Windows,0,0,68.4,0
15,0,34.19,5805.0,IN,macOS,0,0,61.93,0
6,1,42.97,12668.0,GB,macOS,0,0,59.7,0
14,1,15.22,15325.0,GB,Android,1,0,74.82,0
6,2,3.87,2056.0,,Windows,0,0,65.57,0
2,1,63.37,9223.0,IN,macOS,0,1,44.31,0
6,0,30.19,5258.0,CN,Linux,1,0,64.55,0
6,3,87.7,723.0,IN,Windows,0,0,63.05,0
3,3,84.44,3767.0,US,macOS,0,1,85.85,0
0,0,34.87,3446.0,US,Android,0,0,43.96,0
22,0,91.78,12947.0,IN,Windows,0,0,60.77,0
12,1,63.75,2449.0,DE,Android,1,1,56.49,0
9,1,32.09,7711.0,IN,Linux,0,1,83.41,0
22,0,2.0,4511.0,IN,macOS,0,0,60.18,0
5,1,58.76,1546.0,US,Android,0,0,88.83,0
9,1,45.63,3160.0,RU,macOS,1,0,69.15,0
20,1,53.63,16736.0,IN,Linux,0,1,78.82,0
15,0,40.42,4278.0,US,Windows,0,1,89.9,0
9,0,22.12,10145.0,IN,Linux,1,0,48.36,0
6,0,36.46,9709.0,GB,Android,1,0,65.55,0
0,1,59.13,3434.0,IN,iOS,0,0,77.58,0
2,1,37.91,1760.0,IN,macOS,0,0,73.56,0
3,1,37.79,1956.0,,Android,1,0,46.65,0
18,4,14.61,15699.0,GB,macOS,0,0,82.54,0
15,1,46.82,5549.0,IN,macOS,1,0,70.86,0
10,2,22.76,1228.0,CN,Windows,0,0,72.31,0
18,3,,9577.0,IN,Linux,0,1,66.02,0
3,0,30.32,1177.0,GB,Linux,0,0,12.73,0
5,0,39.09,2538.0,GB,Linux,0,1,79.82,1
9,1,88.28,5245.0,SG,Linux,0,0,80.58,1
22,0,38.87,36914.0,IN,iOS,0,1,62.41,0
14,1,36.19,9441.0,GB,Android,1,0,43.28,0
20,3,56.71,3341.0,GB,Android,0,0,60.36,0
5,0,9.29,5027.0,IN,Android,0,0,87.91,1
20,0,70.02,10258.0,RU,Android,0,0,62.66,0
1,2,64.88,15329.0,IN,macOS,0,0,70.41,0
5,3,55.49,4031.0,IN,Windows,0,0,64.0,0
12,1,2.0,4126.0,GB,Android,0,0,75.68,0
1,0,39.81,2530.0,IN,Windows,0,1,46.3,0
20,3,19.54,8368.0,SG,macOS,0,0,66.36,0
20,1,67.48,11168.0,IN,Windows,0,0,89.73,0
12,1,66.05,1042.0,IN,Linux,1,0,53.49,0
7,0,52.76,3578.0,GB,Windows,0,0,65.05,0
2,2,20.94,1862.0,RU,macOS,0,0,88.95,0
14,2,74.89,5545.0,GB,Android,0,0,83.44,0
12,2,39.75,1826.0,IN,Windows,0,0,78.14,0
18,2,81.11,1709.0,IN,Windows,1,0,77.0,0
14,0,50.31,12074.0,DE,iOS,1,0,76.71,0
3,1,55.14,4305.0,RU,Windows,1,0,65.85,0
2,0,35.79,4685.0,GB,macOS,1,0,89.84,0
18,1,,6942.0,US,Android,1,0,61.57,1
3,3,57.17,10686.0,IN,macOS,0,1,52.1,0
22,2,73.86,3516.0,IN,Windows,0,1,45.09,0
2,2,48.55,3579.0,IN,macOS,0,0,58.9,0
17,1,44.06,3592.0,IN,iOS,1,0,58.67,0
23,0,56.9,11675.0,IN,Windows,1,0,57.2,1
10,0,73.85,4654.0,US,macOS,1,0,48.84,0
1,0,65.33,3894.0,,Windows,1,0,76.73,0
21,2,47.76,6719.0,IN,iOS,1,0,52.96,0
4,2,7.86,21269.0,RU,Windows,0,0,79.87,1
12,0,61.21,5216.0,IN,Windows,0,1,82.98,0
23,3,16.23,3962.0,DE,Windows,1,0,100.0,1
17,3,45.7,23258.0,SG,iOS,0,0,61.82,0
1,3,42.68,14240.0,SG,Linux,0,1,67.13,0
19,1,16.64,12681.0,SG,Windows,0,0,56.57,0
3,1,52.45,3293.0,SG,Windows,0,0,48.91,0
17,1,88.09,3042.0,IN,Android,1,0,62.44,0
14,2,38.75,1133.0,GB,Windows,1,0,56.03,0
6,2,60.32,10635.0,SG,macOS,0,0,48.69,0
10,3,92.11,5227.0,IN,macOS,0,0,74.26,0
2,1,62.25,1164.0,GB,macOS,0,0,50.7,0
23,0,32.1,12855.0,IN,macOS,0,0,80.19,1
5,2,49.74,3752.0,US,Android,0,0,85.4,0
7,1,54.62,4141.0,IN,Windows,0,1,54.43,0
12,0,73.68,1465.0,GB,Linux,0,0,,0
16,0,69.28,7286.0,IN,Windows,0,0,77.22,0
12,0,,7342.0,IN,Linux,0,0,68.69,0
12,3,27.88,4730.0,IN,Linux,1,0,37.98,0
13,1,43.6,3517.0,DE,Linux,0,1,39.16,0
20,2,,40182.0,RU,iOS,0,1,98.31,1
9,2,2.0,1877.0,IN,iOS,1,0,93.75,0
19,2,30.49,2760.0,IN,Windows,0,0,98.79,0
18,0,44.93,8661.0,DE,macOS,1,1,100.0,0
23,3,34.49,2183.0,US,macOS,0,0,94.74,1
21,1,25.06,2058.0,IN,iOS,0,1,74.29,0
19,0,45.83,12152.0,GB,Windows,0,0,80.08,0
5,2,51.86,7976.0,RU,macOS,1,0,57.68,0
18,1,35.63,7240.0,IN,Linux,1,0,74.29,0
17,1,72.43,5684.0,IN,Windows,0,0,83.42,0
6,0,46.15,2825.0,IN,macOS,1,1,83.77,0
16,0,27.57,4015.0,CN,Windows,0,0,67.74,0
6,3,22.51,4613.0,SG,Windows,0,0,33.47,0
12,1,40.74,9672.0,US,macOS,0,0,42.76,0
19,0,67.27,6910.0,CN,Windows,0,0,78.57,0
4,1,28.53,2340.0,IN,Windows,0,1,60.9,0
8,2,56.92,9243.0,DE,Linux,0,0,81.97,0
19,0,46.89,1283.0,DE,macOS,0,0,48.09,0
10,1,84.86,3803.0,SG,macOS,0,0,94.51,0
23,0,52.81,1971.0,GB,iOS,0,0,53.12,0
0,1,31.04,2476.0,IN,Linux,0,0,96.58,0
17,1,59.73,22954.0,IN,Windows,0,0,42.07,0
19,0,60.4,1515.0,IN,Windows,0,0,80.86,0
22,2,37.06,2552.0,SG,Linux,0,0,53.23,0
3,0,21.72,7393.0,IN,Linux,0,0,69.84,0
23,1,55.72,3374.0,US,iOS,0,0,89.37,0
9,1,46.27,5566.0,IN,Linux,0,0,86.23,0
8,1,14.67,15423.0,IN,Linux,0,0,55.18,0
8,3,50.09,8297.0,IN,Android,0,0,58.97,0
15,2,32.26,3378.0,US,Android,0,0,41.69,0
15,1,14.69,4416.0,IN,macOS,0,1,37.74,0
11,1,37.96,7514.0,IN,Linux,0,1,54.99,0
1,0,70.66,8168.0,IN,Windows,1,0,54.61,0
23,0,69.16,4997.0,CN,Linux,0,0,42.89,0
5,3,63.94,6558.0,US,Windows,0,0,66.3,0
2,1,50.38,6563.0,,Linux,1,0,69.42,0
14,1,56.92,4565.0,RU,Android,0,0,69.76,0
9,1,46.97,3028.0,US,Linux,0,0,55.62,0
14,2,22.9,8902.0,US,Windows,0,0,59.58,0
21,1,26.89,6207.0,US,Windows,1,0,64.3,0
2,2,32.86,930.0,IN,Android,0,0,84.71,1
6,1,73.03,2539.0,IN,Windows,0,0,57.82,0
12,0,66.53,3346.0,RU,Linux,0,0,39.78,0
18,3,23.4,4184.0,IN,macOS,0,0,64.22,0
14,0,46.07,12876.0,IN,Windows,0,0,62.15,0
9,1,36.95,50000.0,SG,macOS,1,0,40.93,1
14,0,41.9,687.0,IN,Windows,0,0,62.81,0
23,2,34.28,6270.0,GB,macOS,0,0,54.07,0
11,2,73.11,5196.0,DE,Windows,1,0,68.6,0
21,1,44.62,4254.0,IN,Windows,0,0,77.56,0
18,0,49.32,7588.0,,Windows,0,0,60.34,0
7,2,49.49,5540.0,IN,Android,0,0,79.2,0
5,2,24.44,3681.0,DE,Linux,0,1,64.49,0
18,2,47.17,5031.0,RU,Android,0,0,65.24,0
4,3,66.25,7671.0,SG,Linux,0,0,,1
8,0,74.45,7109.0,IN,Android,0,1,66.51,0
5,0,22.04,5715.0,IN,Linux,0,0,45.22,0
14,3,14.63,3082.0,US,Linux,0,0,37.08,0
7,0,,46878.0,DE,macOS,0,0,90.12,0
15,0,67.18,6553.0,IN,Windows,1,0,73.81,0
22,3,52.19,9045.0,IN,iOS,1,0,60.23,0
19,2,58.61,3274.0,IN,iOS,1,0,89.14,0
22,0,17.8,5720.0,IN,Windows,0,0,100.0,0
0,4,33.56,5683.0,GB,iOS,0,0,43.0,0
10,0,2.0,1065.0,CN,Windows,0,0,69.3,0
5,2,42.15,2770.0,IN,macOS,0,1,82.01,0
22,2,2.0,2730.0,US,Android,1,0,40.66,1
17,2,71.65,3040.0,IN,Windows,0,0,42.52,0
7,1,76.1,2088.0,IN,Windows,0,0,87.15,0
13,0,47.81,5090.0,IN,macOS,1,0,69.02,0
14,1,14.75,15031.0,IN,Linux,0,0,57.51,0
11,4,52.51,5456.0,IN,Linux,1,0,40.47,0
11,0,82.18,1910.0,DE,macOS,0,1,75.87,0
1,1,54.51,2154.0,GB,Windows,1,0,44.77,0
10,2,68.7,3635.0,GB,Windows,1,1,51.66,0
8,1,35.3,1584.0,US,iOS,0,0,52.8,0
19,1,27.58,6270.0,IN,macOS,0,0,63.9,0
20,1,43.58,14508.0,IN,macOS,0,1,50.18,1
18,2,6.47,3100.0,IN,Windows,1,1,52.9,0
0,0,90.28,5223.0,IN,iOS,0,0,87.01,0
20,2,47.79,3487.0,IN,Windows,1,0,73.02,0
9,2,62.34,2970.0,CN,Windows,1,0,70.28,0
9,1,35.77,5720.0,CN,Windows,0,0,77.85,0
22,0,14.14,2891.0,DE,macOS,0,1,50.94,0
20,1,73.52,2574.0,US,Windows,0,0,76.54,0
1,2,22.52,1346.0,GB,Windows,0,0,77.68,0
8,1,51.98,5175.0,US,Linux,0,0,51.57,0
17,3,53.86,11540.0,GB,macOS,0,0,80.74,0
12,0,46.48,8655.0,IN,Windows,0,0,,0
6,0,29.31,16213.0,CN,macOS,0,0,74.72,0
12,2,42.01,2865.0,DE,Linux,0,0,99.99,0
20,1,26.0,9707.0,IN,Windows,0,0,72.2,0
5,3,61.18,2034.0,US,Windows,0,0,53.38,0
17,1,56.43,8668.0,SG,iOS,1,0,72.35,0
17,2,44.57,18313.0,RU,macOS,0,0,70.24,0
21,2,33.63,7322.0,IN,Windows,0,0,50.04,0
7,1,87.15,18573.0,IN,Windows,1,0,33.57,1
5,5,18.96,3044.0,IN,Windows,1,1,68.83,1
13,0,14.11,4414.0,IN,Linux,0,0,86.98,0
12,3,43.36,2362.0,IN,macOS,1,0,87.15,0
9,0,39.84,5053.0,IN,Windows,0,0,75.09,0
18,0,66.95,6098.0,IN,iOS,1,0,98.26,0
19,1,57.92,5018.0,IN,Windows,0,0,73.14,0
5,1,45.59,3363.0,DE,Windows,0,0,66.45,0
19,1,55.01,3319.0,US,Windows,1,1,73.67,0
5,3,54.64,6478.0,IN,Windows,0,0,56.81,0
9,2,87.07,4327.0,IN,Android,0,0,47.19,0
0,1,50.07,1956.0,SG,Linux,1,0,52.38,0
8,0,31.38,1077.0,IN,Android,0,0,61.37,1
23,2,48.97,3052.0,US,Windows,0,0,85.59,0
10,0,2.0,1626.0,IN,Windows,0,1,43.95,0
17,3,44.35,2519.0,IN,Linux,0,1,52.47,0
2,3,66.86,3503.0,RU,Linux,0,0,84.5,0
15,4,57.04,4373.0,IN,Windows,0,1,63.58,1
8,1,50.97,2885.0,IN,Windows,0,0,66.41,0
17,1,57.98,28366.0,IN,iOS,0,0,63.25,0
22,0,67.07,1792.0,US,macOS,0,1,100.0,0
12,2,73.5,12931.0,DE,Windows,0,1,80.09,0
2,0,53.95,4315.0,GB,macOS,0,0,74.54,0
11,1,38.68,2904.0,SG,Windows,1,0,73.55,0
2,2,2.0,7864.0,IN,Android,1,0,77.37,0
10,1,64.56,3421.0,IN,iOS,0,0,100.0,0
1,3,55.3,2577.0,CN,Windows,0,0,63.27,0
15,1,48.05,20575.0,IN,iOS,0,1,73.04,0
7,0,31.24,849.0,SG,Windows,0,0,70.52,0
4,0,64.3,4040.0,US,Windows,0,0,86.26,0
0,0,39.86,5722.0,IN,macOS,0,0,100.0,0
21,0,44.31,15160.0,CN,macOS,0,0,59.41,0
20,1,43.88,3573.0,IN,Windows,0,0,78.16,0
19,3,54.0,41308.0,GB,Windows,1,1,73.17,0
1,1,22.03,9021.0,IN,Windows,0,0,44.93,0
8,1,56.25,740.0,US,Windows,0,0,87.46,0
23,4,30.58,1536.0,US,Windows,0,0,98.14,1
13,4,31.28,5940.0,IN,Windows,1,0,84.75,1
3,1,62.7,1968.0,CN,iOS,1,0,58.62,1
3,0,25.1,7618.0,IN,Android,0,0,45.58,0
6,1,62.67,3419.0,IN,iOS,0,0,81.54,0
23,1,47.03,1888.0,IN,Windows,0,0,50.57,0
4,3,12.03,2272.0,GB,Windows,0,0,52.36,0
21,0,72.29,9716.0,IN,Linux,0,0,73.77,0
16,1,51.21,974.0,US,macOS,0,1,83.25,0
22,3,52.88,11341.0,GB,macOS,0,1,63.95,0
19,2,65.14,11610.0,DE,Windows,0,0,66.28,0
7,1,74.98,3770.0,CN,Android,1,0,67.99,1
19,1,49.02,1598.0,RU,Linux,0,0,53.51,0
4,2,57.35,7667.0,IN,Windows,0,0,63.16,1
6,1,52.42,3331.0,DE,Linux,1,1,40.89,0
5,0,38.14,1463.0,IN,Windows,0,0,83.24,0
3,0,13.33,22636.0,IN,Windows,0,0,100.0,1
2,0,49.3,2422.0,IN,iOS,1,1,71.08,1
4,6,72.58,1514.0,IN,Linux,0,0,91.44,1
2,0,56.67,6174.0,US,Windows,1,0,65.29,0
9,2,23.65,4655.0,IN,Windows,0,0,45.76,0
1,1,66.95,16138.0,GB,Windows,1,0,100.0,0
1,1,38.81,3625.0,CN,iOS,0,0,54.78,0
23,2,3.16,3656.0,IN,Android,1,0,87.05,0
2,0,65.36,6426.0,IN,Linux,0,0,73.89,0
1,3,26.09,5765.0,IN,iOS,0,0,91.37,0
0,2,80.61,5908.0,IN,Windows,0,1,68.79,1
3,1,67.96,6109.0,CN,Android,0,0,49.05,0
12,1,40.44,5607.0,IN,Linux,0,0,58.04,0
19,1,54.19,3522.0,IN,Android,0,0,100.0,0
17,4,93.48,9568.0,IN,iOS,0,1,75.75,0
13,1,65.0,3685.0,IN,Linux,0,0,100.0,0
2,2,49.76,9353.0,US,Windows,0,0,63.38,1
18,0,102.78,14916.0,CN,Windows,0,0,82.85,0
0,2,47.35,2858.0,DE,Windows,1,0,46.89,0
15,0,56.64,33644.0,IN,Windows,1,1,70.54,0
9,1,26.28,2779.0,GB,Linux,0,0,100.0,0
21,1,11.51,2795.0,RU,Linux,1,0,55.89,1
7,1,39.24,7570.0,IN,Windows,1,0,57.57,0
15,2,45.77,6997.0,DE,iOS,0,0,84.9,0
10,1,51.59,5205.0,US,Windows,0,1,72.06,1
12,0,16.6,9458.0,DE,Windows,0,0,100.0,0
22,0,58.21,6016.0,IN,Windows,0,1,65.66,0
17,3,28.39,25658.0,DE,iOS,1,0,71.24,0
9,0,57.17,4710.0,SG,Linux,0,0,75.7,0
10,0,63.7,2481.0,GB,Windows,0,0,50.64,0
16,4,37.09,3161.0,IN,Windows,0,0,46.62,1
8,1,25.72,7166.0,IN,Windows,0,0,44.98,0
4,1,75.87,7250.0,DE,iOS,1,1,10.46,0
11,1,62.46,5797.0,GB,Linux,1,0,68.47,0
1,0,48.04,2491.0,CN,Windows,1,1,46.59,1
4,1,74.37,11931.0,IN,Windows,0,0,60.3,0
10,2,46.67,23146.0,IN,Windows,0,0,88.36,0
19,0,32.59,5031.0,DE,Linux,1,1,52.97,1
18,0,24.97,20920.0,DE,Linux,0,0,82.42,0
6,2,42.84,9828.0,US,macOS,1,0,41.56,0
10,1,60.43,28997.0,DE,Windows,0,1,57.67,0
3,0,,7173.0,IN,Windows,0,0,100.0,1
18,0,45.47,5482.0,IN,Linux,0,0,62.3,0
5,2,69.26,9642.0,IN,macOS,1,0,93.18,1
19,2,40.71,3474.0,IN,Linux,0,0,100.0,0
20,0,29.37,6807.0,GB,Android,1,0,62.46,0
16,1,18.87,14251.0,IN,Android,0,0,58.02,0
7,2,34.88,9467.0,RU,iOS,0,0,31.12,0
22,1,19.63,4795.0,,Windows,1,0,75.25,0
16,1,85.19,5769.0,GB,iOS,0,0,76.83,0
15,1,53.79,9010.0,US,macOS,0,0,83.87,0
20,1,43.09,8774.0,IN,macOS,0,0,95.04,0
21,1,79.44,8956.0,US,Linux,1,0,51.53,0
1,0,18.95,6448.0,CN,Windows,0,0,100.0,0
21,3,42.26,2541.0,CN,Linux,0,1,64.93,0
18,1,84.99,2887.0,IN,macOS,1,0,76.55,0
4,2,42.12,7108.0,US,iOS,0,1,68.79,1
7,2,93.94,9558.0,IN,Linux,0,1,56.12,0
18,1,60.71,8617.0,IN,iOS,1,0,48.42,0
5,2,71.12,2864.0,IN,Windows,1,0,73.79,0
10,2,71.7,4355.0,RU,iOS,0,0,52.64,0
16,1,45.03,1921.0,GB,Linux,1,0,66.03,0
15,1,35.24,1615.0,IN,macOS,0,0,62.58,0
21,0,42.69,5246.0,CN,Linux,0,0,63.48,0
2,1,25.26,14567.0,,iOS,0,0,37.61,1
7,0,43.68,5323.0,IN,Windows,1,1,12.99,1
23,0,44.91,22618.0,SG,Linux,0,0,85.1,0
13,3,78.78,4310.0,US,Android,0,0,90.26,0
5,1,56.87,5039.0,IN,Windows,0,1,23.89,1
6,2,92.25,2224.0,IN,Linux,0,0,77.53,0
8,1,2.0,3723.0,IN,Linux,0,0,73.91,0
13,1,20.66,1897.0,IN,Android,0,0,46.17,0
6,4,37.89,1428.0,SG,iOS,1,1,86.16,0
14,2,74.85,1923.0,IN,Windows,0,1,90.49,0
10,0,42.81,5262.0,IN,macOS,0,0,89.07,0
14,0,15.64,2726.0,CN,Linux,0,1,100.0,0
3,0,40.1,3295.0,CN,macOS,1,0,88.0,0
14,2,21.05,6822.0,SG,Windows,0,0,,0
22,1,17.13,1424.0,SG,Windows,0,0,70.31,0
3,1,84.98,5244.0,CN,Linux,0,0,76.94,0
7,0,37.97,9686.0,SG,Windows,0,0,97.34,0
16,0,48.46,10380.0,IN,macOS,1,0,65.48,0
14,1,43.14,7430.0,IN,Windows,0,0,58.62,0
16,1,39.97,4714.0,IN,iOS,0,0,40.23,0
13,0,28.19,2984.0,IN,Android,1,1,85.72,0
16,1,38.79,4601.0,IN,macOS,0,0,73.76,0
14,4,51.74,18449.0,IN,Android,0,0,54.4,0
1,3,73.37,6115.0,IN,iOS,0,0,83.87,1
18,2,63.95,4512.0,US,macOS,1,0,,0
10,2,20.62,7715.0,IN,macOS,1,0,46.15,1
1,1,64.77,5114.0,IN,Linux,0,0,93.95,0
9,0,54.51,5888.0,US,Android,0,1,32.86,0
10,3,,4034.0,IN,macOS,0,0,72.59,0
2,0,48.64,3526.0,IN,Linux,0,0,68.01,0
23,2,56.45,10903.0,IN,Linux,0,0,40.5,0
5,1,45.94,1032.0,GB,Windows,0,0,75.86,1
7,2,54.6,7208.0,SG,Android,0,0,57.52,0
10,3,27.74,3356.0,IN,Android,0,0,100.0,1
19,5,84.86,1070.0,SG,Windows,0,1,88.07,0
17,0,6.41,2254.0,SG,Windows,1,0,73.98,0
18,2,56.56,4775.0,CN,iOS,0,0,25.15,0
5,5,52.34,5330.0,SG,Windows,1,0,60.0,1
20,1,57.86,8884.0,US,macOS,0,0,58.61,0
19,0,30.83,9381.0,IN,Linux,0,0,91.79,0
11,3,68.38,1426.0,IN,Linux,0,0,73.2,0
13,2,42.84,6648.0,IN,Windows,1,0,75.7,0
0,1,21.28,8803.0,IN,Windows,1,0,88.31,0
18,3,23.1,5856.0,CN,Linux,0,0,99.35,0
23,0,47.49,7346.0,IN,Windows,0,0,96.26,0
11,1,13.07,1047.0,US,Android,0,0,79.83,0
12,2,81.01,2226.0,CN,iOS,0,1,65.11,0
11,0,65.98,14659.0,IN,Android,0,0,77.83,0
1,0,81.54,3929.0,,Linux,1,0,69.41,0
14,0,79.43,29100.0,IN,Linux,0,0,84.15,0
17,1,37.96,1767.0,IN,Windows,1,0,59.78,0
22,0,27.61,17172.0,IN,macOS,0,1,86.26,0
22,1,2.0,3015.0,IN,Linux,0,0,70.84,0
11,3,36.88,9798.0,US,Android,0,0,76.95,0
23,0,80.31,3880.0,IN,macOS,1,0,48.47,0
12,2,28.44,5391.0,GB,Windows,0,0,65.07,0
15,4,40.8,7914.0,IN,Linux,0,0,78.04,0
14,3,33.91,3009.0,IN,macOS,0,0,66.72,0
23,2,52.5,9329.0,IN,Android,0,0,27.76,1
17,3,70.72,3973.0,SG,Windows,0,0,47.79,0
2,0,14.22,5667.0,,macOS,0,0,76.15,0
1,2,18.04,592.0,IN,Windows,1,0,97.08,0
9,1,74.73,3752.0,US,iOS,0,0,65.81,0
12,1,59.66,13505.0,IN,Linux,1,0,61.2,0
16,3,39.81,8568.0,SG,macOS,1,0,,0
11,1,79.14,9989.0,CN,Linux,0,0,70.2,0
12,3,17.7,5129.0,IN,iOS,0,0,83.38,0
22,0,63.62,18789.0,IN,macOS,0,0,64.68,0
8,4,43.64,6190.0,IN,Windows,0,1,62.69,1
11,1,57.13,2898.0,DE,Linux,1,0,84.8,1
13,2,2.0,9741.0,IN,Windows,1,0,82.1,1
11,1,39.79,10281.0,US,Android,0,0,64.23,0
23,3,59.74,8133.0,SG,Android,0,0,49.76,0
23,1,43.73,3560.0,IN,Linux,0,0,39.95,0
12,0,70.11,6156.0,SG,Windows,0,0,42.33,0
10,2,69.44,14983.0,IN,Android,0,0,58.6,0
14,1,25.83,7201.0,RU,Android,1,0,75.7,0
4,0,61.48,1507.0,SG,Linux,0,0,40.02,0
10,0,25.15,2972.0,IN,macOS,1,0,41.19,1
5,1,46.08,2863.0,IN,Windows,0,1,76.8,0
3,1,58.12,2688.0,US,Windows,0,0,98.24,0
2,0,28.29,908.0,GB,iOS,0,1,89.6,0
14,0,60.74,22303.0,IN,macOS,0,0,36.85,0
0,0,34.89,2438.0,CN,Windows,0,0,77.05,0
15,2,33.39,2583.0,DE,Linux,0,0,87.2,0
10,1,59.13,1040.0,CN,Linux,0,1,61.09,1
8,1,28.28,9829.0,IN,Windows,0,0,65.74,0
18,1,27.26,4570.0,IN,iOS,0,0,76.0,0
12,2,65.82,3712.0,IN,Windows,0,0,78.78,0
17,1,47.17,3872.0,IN,Windows,0,0,76.79,0
17,3,15.92,7866.0,IN,Android,0,0,83.04,0
0,1,62.11,3348.0,IN,Windows,0,0,73.88,0
5,4,36.87,1001.0,GB,Windows,1,0,58.74,1
13,1,16.94,1749.0,IN,macOS,0,0,61.97,0
23,1,2.0,1678.0,IN,Windows,1,0,55.97,0
3,0,63.07,6126.0,US,Linux,0,0,61.7,0
2,1,27.8,10342.0,DE,Linux,0,0,80.11,0
22,1,20.12,15877.0,DE,iOS,0,0,56.09,0
23,2,57.79,1329.0,US,Android,1,0,89.26,0
4,3,61.12,8072.0,IN,Windows,1,1,52.21,1
9,2,29.26,3005.0,US,Linux,0,0,73.66,0
15,1,63.25,50000.0,GB,macOS,0,1,85.04,0
4,1,86.1,14866.0,IN,Windows,1,1,78.08,0
7,1,71.93,19178.0,IN,Windows,0,0,36.75,0
9,1,68.82,9339.0,RU,Linux,0,0,72.4,0
15,1,51.28,6671.0,IN,Linux,0,0,56.72,0
7,3,36.13,3561.0,IN,iOS,0,1,46.2,0
9,0,43.88,3043.0,IN,Windows,1,0,74.01,0
6,1,53.81,2591.0,RU,Windows,0,1,47.52,1
18,1,19.85,8055.0,US,Android,0,0,74.41,0
3,0,29.61,17125.0,CN,Android,0,0,96.21,1
5,1,16.44,3694.0,SG,Linux,1,1,75.44,1
5,0,49.7,2758.0,DE,macOS,0,0,65.81,1
21,0,46.66,1500.0,IN,Android,0,0,67.11,0
22,5,31.95,5977.0,IN,Windows,0,0,86.45,0
12,0,61.41,13140.0,SG,macOS,0,0,64.5,0
3,1,24.11,13677.0,CN,macOS,0,1,61.62,1
18,1,31.2,14805.0,RU,Windows,0,0,53.24,0
11,0,60.61,6852.0,CN,iOS,0,0,53.91,0
20,1,63.58,5282.0,GB,iOS,1,1,86.08,0
8,0,29.09,13709.0,IN,Linux,1,0,61.25,0
23,0,49.64,2022.0,US,Windows,1,1,79.99,1
19,1,29.42,3454.0,IN,iOS,1,1,81.45,0
5,0,41.05,19316.0,IN,Linux,0,0,52.79,0
17,0,47.88,2080.0,IN,Windows,1,0,,0
6,1,56.21,4781.0,IN,macOS,0,0,80.39,0
8,0,51.35,8144.0,IN,macOS,1,0,72.53,0
6,2,50.46,5251.0,IN,Windows,1,0,66.78,0
16,0,23.43,12327.0,GB,Windows,0,0,78.31,0
6,0,52.77,16656.0,US,Android,0,0,88.22,0
15,1,56.02,7214.0,US,iOS,0,0,69.3,0
13,3,58.78,14944.0,DE,Linux,1,0,59.76,0
18,3,30.61,2338.0,IN,Windows,0,0,72.11,0
23,4,63.31,4333.0,IN,Windows,0,0,55.52,0
0,1,18.66,33663.0,US,Linux,1,0,72.57,0
23,2,36.38,23257.0,IN,Windows,0,0,70.03,0
2,0,39.49,1769.0,US,macOS,0,1,55.31,0
12,2,19.75,4865.0,DE,Windows,0,0,62.71,0
8,2,39.19,5480.0,IN,Android,0,1,64.16,0
15,0,49.43,6858.0,SG,Android,0,0,83.2,0
17,1,8.48,13619.0,IN,Android,0,1,54.25,1
20,0,37.11,21404.0,US,Windows,0,0,55.43,0
9,2,10.03,5064.0,RU,macOS,0,0,63.28,0
22,1,85.83,12059.0,DE,Windows,1,0,80.15,0
7,0,49.25,8255.0,US,Linux,1,0,83.09,0
4,0,47.52,4832.0,GB,macOS,0,1,74.71,1
9,0,49.64,1263.0,IN,Android,0,0,82.87,0
12,1,57.09,11101.0,GB,Android,1,0,90.92,1
16,1,64.56,7976.0,US,Windows,0,0,72.84,0
19,0,13.73,6712.0,IN,macOS,1,0,55.57,0
5,0,71.2,2242.0,IN,Windows,1,1,68.61,0
7,2,69.92,23560.0,CN,macOS,1,0,45.49,0
22,0,43.67,5552.0,IN,Windows,0,0,77.1,0
10,2,42.63,1972.0,RU,Android,0,0,61.15,0
5,0,2.0,1734.0,IN,iOS,0,1,72.02,0
23,0,20.12,8450.0,IN,Windows,0,0,68.47,0
10,0,55.38,8654.0,US,Android,0,0,63.11,0
23,2,69.01,3393.0,GB,macOS,0,0,74.06,0
22,1,59.58,7116.0,IN,Linux,0,0,67.75,0
21,1,43.49,8384.0,IN,Linux,0,0,58.65,0
13,1,83.52,5497.0,,Windows,0,0,50.24,0
19,0,65.1,2804.0,DE,Windows,0,0,76.41,0
23,0,37.12,10605.0,IN,Windows,0,0,48.29,0
6,3,88.64,9606.0,US,macOS,0,0,100.0,0
0,1,23.08,7740.0,IN,Windows,1,0,93.17,0
7,3,15.56,2523.0,IN,Linux,1,0,41.38,0
15,2,36.58,1695.0,IN,Android,1,1,81.3,0
13,1,29.83,5225.0,IN,macOS,0,0,90.49,0
1,2,37.7,10339.0,DE,Windows,1,0,59.45,0
13,1,60.96,11297.0,CN,macOS,0,0,76.32,0
4,1,44.32,7844.0,IN,Windows,1,1,67.75,1
12,1,44.83,3428.0,IN,macOS,0,1,82.27,0
13,1,46.18,2583.0,CN,Windows,0,0,,0
15,0,2.0,4849.0,IN,Windows,0,0,88.25,0
9,1,14.69,4886.0,IN,iOS,0,0,67.42,0
9,0,37.29,11918.0,GB,Windows,0,0,64.29,0
16,1,,3348.0,IN,Windows,0,0,81.67,0
17,0,40.36,3578.0,IN,Windows,0,0,86.21,1
19,2,73.08,25438.0,RU,Windows,1,0,27.95,0
8,0,43.51,17000.0,US,Android,0,0,17.73,0
10,0,18.56,2425.0,GB,Windows,1,0,76.15,1
7,0,29.14,15915.0,IN,Windows,1,0,58.08,1
12,2,79.21,2003.0,IN,Android,0,0,46.22,0
3,0,75.65,3473.0,RU,Windows,1,1,63.27,1
10,1,56.92,3804.0,RU,Windows,0,0,100.0,0
4,1,13.75,4619.0,SG,Windows,0,0,46.06,0
12,0,51.14,8069.0,IN,Android,0,1,85.94,0
20,1,52.67,5352.0,SG,Linux,1,0,56.29,0
23,0,45.51,8037.0,IN,macOS,0,0,43.86,0
10,1,33.6,3564.0,US,macOS,0,0,58.98,0
1,0,37.75,6630.0,GB,Linux,0,0,44.42,0
5,2,32.21,5235.0,IN,macOS,1,0,41.77,0
2,1,22.1,1619.0,IN,iOS,1,0,56.95,0
18,3,72.32,7233.0,DE,macOS,0,0,50.38,0
23,2,62.65,5307.0,RU,Android,0,0,67.37,0
13,1,39.3,2776.0,IN,Windows,0,0,73.03,0
4,4,52.04,3499.0,IN,Linux,1,0,55.8,1
0,5,52.79,3568.0,GB,macOS,0,0,81.33,1
23,0,91.86,4040.0,IN,Windows,1,0,58.05,0
7,1,,20074.0,IN,Windows,0,0,67.24,0
2,0,61.7,26166.0,IN,Windows,0,0,30.95,1
4,1,45.76,555.0,IN,Windows,0,0,71.48,0
6,1,36.31,7263.0,IN,Android,1,1,100.0,0
15,0,72.65,10551.0,CN,Windows,1,0,84.31,0
21,0,58.05,4135.0,SG,macOS,0,1,66.89,0
6,1,28.41,10327.0,US,Windows,0,0,49.15,0
16,1,54.08,18459.0,IN,Linux,0,0,99.38,0
1,1,61.75,1640.0,GB,Windows,0,0,67.1,0
0,2,3.08,5470.0,IN,Windows,1,0,57.88,1
1,1,26.55,23515.0,DE,Linux,0,0,58.33,0
22,0,52.26,1826.0,IN,Windows,1,0,100.0,0
13,4,6.51,4482.0,GB,Windows,1,0,67.87,0
19,1,9.68,3433.0,IN,macOS,1,1,78.11,0
0,0,39.59,11402.0,SG,iOS,0,0,66.34,0
0,0,54.83,12746.0,DE,macOS,1,0,68.83,1
20,1,55.76,5596.0,IN,Linux,0,0,62.35,0
2,0,76.65,5043.0,CN,Linux,0,0,95.6,0
3,1,46.65,1242.0,IN,Linux,0,0,70.79,0
12,1,37.55,15343.0,IN,Linux,0,0,44.66,0
14,2,18.85,3705.0,DE,Linux,0,0,77.09,0
5,0,37.31,4386.0,,Linux,0,0,67.93,0
10,2,59.15,10692.0,IN,Android,0,0,76.86,0
16,1,60.05,5756.0,IN,Linux,0,0,64.03,0
10,0,50.29,10972.0,IN,Windows,1,0,60.26,0
9,1,55.94,7964.0,IN,macOS,0,0,86.09,0
1,2,70.53,5785.0,IN,Android,0,1,100.0,0
10,0,46.51,6300.0,IN,Android,1,0,36.54,0
19,3,72.35,2002.0,US,Windows,1,0,71.48,0
15,2,30.47,4363.0,US,macOS,1,0,,0
21,3,43.53,11699.0,DE,iOS,0,1,53.59,1
3,1,35.38,2395.0,CN,Windows,0,0,31.18,1
0,1,60.85,2773.0,IN,Linux,0,0,76.49,0
13,0,24.71,2432.0,IN,Windows,1,0,61.3,0
4,1,38.56,5556.0,IN,Android,0,0,60.23,0
14,1,7.81,15094.0,IN,Windows,0,1,91.65,0
21,1,56.89,7614.0,US,macOS,1,1,62.09,0
8,1,69.94,861.0,IN,Windows,0,0,61.33,0
13,1,63.21,8258.0,GB,Windows,0,0,45.95,0
16,0,61.25,3451.0,CN,Windows,0,1,53.66,0
3,1,61.79,7387.0,IN,Windows,0,0,96.4,0
21,0,58.99,4361.0,IN,Android,0,1,81.01,0
4,1,57.29,2469.0,DE,Windows,0,0,93.18,0
19,1,58.58,4642.0,DE,Windows,0,0,54.87,0
15,4,31.89,3452.0,IN,Android,0,1,76.5,0
3,3,41.0,6287.0,US,Windows,0,0,88.86,0
17,0,46.4,2419.0,IN,Linux,0,0,80.43,0
4,1,38.29,1999.0,GB,Windows,0,0,98.45,0
14,1,13.67,8828.0,DE,iOS,0,0,77.24,0
23,1,,11933.0,IN,Linux,0,0,69.97,0
22,0,49.6,7817.0,IN,Windows,1,0,27.62,0
20,0,63.12,2925.0,US,macOS,0,0,77.5,1
11,4,45.19,2719.0,US,Windows,0,1,80.76,0
13,3,100.3,2847.0,RU,Windows,0,0,90.66,0
7,0,26.6,10020.0,US,Linux,0,0,55.7,0
22,1,53.9,2540.0,SG,Linux,0,1,69.4,0
11,0,70.82,9969.0,DE,macOS,0,0,41.38,0
18,2,66.31,8181.0,GB,Windows,0,0,40.96,0
8,0,58.1,13229.0,IN,macOS,1,0,79.23,0
17,1,66.41,11505.0,IN,Windows,1,1,92.8,1
5,0,46.11,7586.0,US,macOS,0,1,93.43,0
17,3,78.26,1518.0,IN,Windows,0,1,77.89,0
1,1,70.66,8007.0,IN,Linux,0,0,100.0,0
2,2,27.96,5390.0,IN,Linux,0,0,62.93,0
8,0,51.43,3646.0,RU,macOS,0,0,86.17,0
11,0,14.05,14615.0,GB,Android,1,0,46.28,0
17,0,75.44,4354.0,SG,Linux,0,1,13.42,0
8,0,49.48,3218.0,CN,Android,1,0,61.34,0
0,0,71.98,12079.0,DE,iOS,0,0,67.83,0
7,1,42.81,3554.0,US,iOS,1,0,74.22,0
10,4,7.87,3091.0,IN,Windows,0,0,66.65,0
13,0,97.75,1995.0,DE,Windows,0,0,76.5,0
15,1,47.62,2550.0,RU,macOS,0,0,100.0,0
5,0,25.0,2731.0,SG,Windows,0,1,83.28,0
14,0,67.92,8078.0,IN,macOS,0,0,56.22,0
15,1,85.72,2175.0,DE,Windows,0,0,24.77,0
18,1,40.95,1112.0,IN,macOS,1,0,50.64,0
12,1,43.02,6264.0,IN,Windows,1,0,94.17,0
19,2,49.76,2960.0,IN,Android,0,0,60.94,0
5,1,22.78,4851.0,IN,macOS,0,0,82.22,0
17,2,31.19,13711.0,IN,Windows,1,0,81.53,0
1,0,80.64,5204.0,DE,Linux,1,0,69.0,0
2,0,42.36,16444.0,IN,Linux,0,0,68.44,0
20,0,28.25,4654.0,RU,Android,0,0,58.04,0
11,0,35.96,10999.0,IN,Linux,0,0,100.0,0
14,0,66.46,3172.0,IN,Linux,0,0,52.79,0
14,4,5.48,5357.0,IN,Windows,1,1,90.18,1
16,0,50.09,2330.0,IN,macOS,0,0,84.95,0
5,1,94.24,2562.0,IN,Windows,0,0,81.07,0
4,3,85.62,4106.0,IN,iOS,0,1,67.84,0
1,1,56.46,1698.0,US,macOS,0,0,43.36,0
20,0,71.33,5583.0,IN,Android,0,1,49.34,0
5,0,71.14,3858.0,US,Android,0,0,56.05,0
13,0,42.48,5929.0,IN,Windows,0,0,76.66,0
10,1,63.5,1719.0,,Windows,0,0,86.03,0
3,0,80.77,8616.0,IN,Windows,0,0,75.65,0
9,2,19.72,19112.0,IN,Windows,1,0,74.67,0
1,1,56.53,16143.0,SG,Windows,1,0,88.76,0
4,1,52.23,22542.0,IN,Android,0,0,32.38,0
3,1,47.06,5084.0,GB,Linux,1,0,30.28,0
19,1,45.29,3708.0,RU,Linux,0,0,42.14,0
13,1,49.63,7260.0,IN,Linux,0,0,86.66,0
22,0,51.31,4062.0,RU,Windows,0,0,33.83,0
10,2,67.37,1221.0,DE,Linux,1,1,69.82,1
4,0,54.53,9466.0,DE,Windows,0,1,53.61,0
14,2,41.44,4074.0,RU,Android,1,0,72.79,0
22,0,,1519.0,IN,macOS,0,0,67.45,1
12,1,35.55,3273.0,US,Windows,1,0,74.51,0
0,0,50.22,4149.0,IN,macOS,1,0,62.82,0
7,1,30.88,4962.0,GB,Linux,1,0,82.73,0
22,2,63.92,5009.0,IN,Windows,1,1,96.34,0
12,3,53.6,14694.0,IN,Windows,0,1,92.77,0
22,0,67.87,1753.0,CN,Windows,0,0,63.48,0
12,0,32.22,4352.0,IN,Android,0,0,54.43,0
0,1,28.38,2433.0,IN,Android,1,0,73.52,0
20,0,67.72,13426.0,IN,macOS,0,0,100.0,0
18,1,47.6,3136.0,US,Windows,0,0,69.04,0
17,3,40.95,3733.0,IN,Windows,0,0,,0
23,2,58.97,11382.0,IN,Linux,0,0,84.11,0
4,2,58.23,14183.0,CN,Windows,0,0,83.9,0
21,0,19.88,15964.0,IN,Linux,0,0,92.91,0
5,1,72.69,1320.0,IN,Windows,1,0,,0
23,2,36.79,7232.0,GB,Windows,0,0,,0
4,2,79.0,6100.0,IN,Linux,1,0,70.86,0
13,4,18.33,4717.0,IN,Windows,0,0,92.15,0
18,1,51.35,5184.0,US,macOS,0,0,92.11,0
1,0,41.29,13748.0,GB,macOS,1,0,69.17,1
1,1,5.5,11281.0,IN,macOS,0,0,87.97,0
20,2,58.16,10072.0,SG,iOS,0,0,62.41,0
1,2,6.52,5800.0,SG,macOS,1,1,55.12,1
14,2,39.17,30226.0,GB,macOS,0,0,46.08,0
22,1,67.09,3567.0,US,macOS,0,1,67.53,0
14,2,34.4,1349.0,SG,Android,1,1,63.76,0
11,1,26.93,3975.0,IN,Linux,0,0,88.06,0
10,3,61.01,5147.0,US,Linux,0,1,80.13,0
15,0,40.01,13940.0,IN,Windows,0,0,70.98,0
13,0,36.9,3266.0,IN,Linux,0,0,71.05,0
12,0,70.5,7281.0,CN,Windows,0,0,62.46,0
3,1,21.65,1507.0,IN,iOS,0,0,37.98,0
15,2,35.81,11674.0,IN,macOS,0,0,48.72,0
17,0,62.33,5191.0,IN,Windows,0,0,84.16,0
17,1,20.36,3927.0,US,Linux,1,0,67.51,0
1,1,80.51,27047.0,SG,Android,1,0,46.39,1
16,1,40.66,11567.0,IN,Android,1,0,94.61,0
17,0,62.49,2139.0,SG,macOS,0,0,100.0,0
4,1,62.45,4503.0,IN,Windows,0,0,91.68,0
20,0,41.95,43873.0,RU,Android,1,0,77.63,0
12,1,35.42,23934.0,SG,iOS,0,0,75.15,1
11,0,44.14,10284.0,IN,Android,0,1,69.56,0
17,0,59.25,1121.0,RU,macOS,0,0,72.94,1
12,0,25.27,14267.0,IN,Windows,0,0,81.32,0
13,1,20.93,2957.0,IN,iOS,1,0,82.73,1
7,2,74.68,14169.0,,Windows,0,0,78.17,0
22,1,30.3,2757.0,IN,Windows,0,0,11.01,1
23,0,52.08,7267.0,CN,macOS,0,0,90.72,0
3,0,40.96,2945.0,DE,Linux,1,0,73.59,1
17,1,41.84,3675.0,US,macOS,0,0,45.57,0
0,2,73.61,8085.0,CN,macOS,0,0,73.56,0
8,1,43.3,1711.0,IN,Windows,1,0,75.44,0
23,2,37.86,32792.0,IN,macOS,1,0,41.73,0
4,2,39.61,2161.0,SG,Android,0,0,58.43,0
9,0,34.93,2066.0,IN,Android,0,0,50.09,0
5,1,31.6,8104.0,SG,Windows,1,0,52.48,0
17,5,35.01,13816.0,IN,Windows,1,0,80.27,0
11,1,78.26,3793.0,IN,Windows,0,0,58.8,1
14,1,59.23,2086.0,IN,macOS,0,0,71.68,0
22,1,38.1,2350.0,IN,macOS,0,0,83.28,0
12,1,64.63,2156.0,IN,Linux,0,1,62.19,0
17,1,13.26,6289.0,IN,Windows,0,0,84.0,0
2,2,72.51,4647.0,IN,Android,0,0,94.39,0
5,1,70.9,6910.0,DE,Android,1,0,85.23,1
22,1,89.73,6581.0,IN,Linux,0,0,80.8,0
20,3,65.23,9504.0,IN,Windows,1,0,85.38,0
15,1,,3541.0,IN,Linux,0,0,77.11,0
9,3,70.82,2723.0,IN,Android,0,0,85.28,0
4,1,32.48,5569.0,IN,Linux,1,0,48.87,0
20,2,37.09,4703.0,IN,macOS,0,0,68.66,0
18,0,43.72,6017.0,IN,Windows,0,1,77.06,0
5,0,72.38,2781.0,CN,Windows,0,1,68.65,0
14,0,27.88,8215.0,IN,Windows,0,1,100.0,0
14,2,25.76,1915.0,IN,Windows,0,0,66.55,0
11,1,49.73,3455.0,DE,Windows,1,0,37.91,0
22,4,,12128.0,IN,Linux,1,0,70.99,0
2,0,30.94,1988.0,IN,Linux,0,0,84.91,0
6,2,58.41,11387.0,IN,Android,0,0,54.29,0
2,1,72.37,1592.0,US,Linux,0,0,69.34,0
16,0,69.01,1383.0,SG,Windows,1,1,68.68,0
15,1,52.07,1488.0,IN,Windows,0,0,68.93,0
23,3,43.19,5396.0,RU,Windows,0,0,59.23,0
13,2,79.71,8810.0,US,macOS,0,0,89.74,0
3,1,45.31,13823.0,DE,macOS,1,0,100.0,1
10,1,63.81,12969.0,IN,macOS,0,0,54.89,0
2,0,,9800.0,RU,Android,0,0,46.48,1
16,2,61.71,2526.0,IN,Windows,0,0,62.12,0
16,0,25.06,2509.0,IN,Linux,0,1,95.33,0
20,0,20.22,9230.0,US,Windows,0,0,65.36,0
8,1,39.05,15322.0,CN,Windows,0,0,76.59,0
7,1,59.19,2154.0,IN,Windows,0,0,53.58,0
1,3,53.9,13838.0,IN,macOS,0,1,100.0,0
9,2,89.14,1058.0,CN,Android,0,0,64.68,0
11,0,53.7,6714.0,SG,Windows,1,0,74.49,0
18,0,38.45,4523.0,GB,Linux,1,0,55.67,0
18,2,22.33,4174.0,IN,Android,0,1,53.94,0
3,0,68.61,5039.0,IN,Android,0,0,69.93,0
6,3,44.88,2482.0,CN,macOS,0,1,71.87,0
12,4,14.88,7022.0,IN,Linux,0,0,85.53,0
8,2,45.45,5159.0,DE,Windows,1,0,39.62,1
0,1,25.09,10386.0,US,macOS,0,0,52.88,0
20,2,36.49,17541.0,CN,Windows,0,0,57.63,0
17,0,45.12,5440.0,US,Linux,0,0,72.16,0
12,1,26.9,2553.0,IN,Windows,1,0,49.67,0
7,1,35.25,1978.0,DE,macOS,1,0,68.28,0
20,2,,19122.0,CN,Linux,0,0,58.41,0
0,2,30.65,17263.0,RU,Windows,0,0,67.56,0
10,0,24.84,9996.0,IN,Linux,0,0,56.06,0
19,1,35.34,5156.0,IN,Windows,0,0,51.79,0
22,1,27.11,9435.0,DE,Android,0,1,75.13,0
6,0,56.73,13955.0,US,iOS,1,0,90.03,0
15,1,49.02,2998.0,IN,Windows,0,0,84.64,0
4,2,68.89,5033.0,IN,Windows,0,0,90.03,0
2,0,82.73,2028.0,IN,Android,0,0,92.14,0
8,1,58.55,4433.0,IN,Android,0,0,67.11,0
21,1,53.99,16906.0,IN,Android,0,0,100.0,0
16,0,59.81,11647.0,CN,Windows,0,0,83.61,0
11,0,54.33,5475.0,GB,Windows,0,0,52.9,0
6,0,46.0,570.0,IN,iOS,1,0,57.96,0
3,1,44.41,2908.0,US,Linux,0,0,72.72,0
6,1,24.57,5334.0,IN,Windows,0,0,85.85,0
3,2,61.78,4135.0,DE,macOS,0,1,65.88,0
4,1,44.37,5045.0,RU,macOS,1,1,52.52,0
16,1,73.99,5967.0,IN,Windows,0,1,84.23,0
3,1,63.3,3207.0,CN,iOS,0,0,49.9,0
1,2,32.48,4885.0,IN,Linux,1,0,75.47,1
13,0,69.93,4361.0,DE,Windows,0,0,70.78,0
6,2,2.0,2800.0,RU,Windows,0,0,45.84,0
10,1,83.6,21527.0,DE,Linux,0,0,100.0,1
3,0,18.23,3357.0,IN,Linux,0,0,70.3,0
5,2,54.9,810.0,IN,Windows,0,0,48.65,0
10,3,53.55,20468.0,IN,Linux,0,0,70.87,0
16,1,67.47,2497.0,IN,Linux,1,0,38.86,1
9,5,38.43,10096.0,IN,Linux,0,0,76.5,0
13,2,2.09,2851.0,IN,iOS,0,0,85.5,0
12,0,38.45,7750.0,US,Windows,0,0,100.0,0
6,2,40.62,4729.0,IN,Android,0,0,71.76,0
6,3,4.02,10941.0,IN,Windows,1,0,58.14,0
10,1,45.91,4142.0,DE,Windows,0,0,73.72,0
0,0,23.48,2910.0,IN,Windows,0,1,95.93,0
16,0,57.98,6037.0,GB,iOS,1,0,,0
14,0,40.08,3619.0,DE,Windows,0,0,84.99,0
7,0,84.22,1050.0,US,Windows,0,0,83.68,0
8,1,,3038.0,IN,Windows,1,0,79.11,0
7,0,53.61,48777.0,DE,macOS,0,0,44.77,0
15,3,40.74,1145.0,US,Windows,0,1,43.79,0
18,0,12.53,5960.0,US,Windows,0,1,41.57,0
2,3,40.91,4047.0,,Linux,0,0,48.45,0
9,1,60.07,21357.0,SG,Android,1,0,50.52,0
0,2,57.04,2021.0,IN,Android,0,0,100.0,0
10,0,39.13,5330.0,IN,iOS,0,0,57.28,0
5,0,15.86,8510.0,SG,Windows,1,1,71.8,1
8,0,57.89,4258.0,US,Windows,0,0,65.61,0
10,2,53.39,2660.0,GB,Windows,0,1,73.48,0
7,1,61.87,4828.0,IN,Android,0,0,71.26,0
9,2,39.52,3837.0,IN,macOS,0,0,47.39,0
18,4,11.31,3828.0,US,macOS,0,0,80.76,0
19,1,55.68,10348.0,SG,Linux,0,0,57.76,0
0,1,44.82,6784.0,IN,Linux,0,0,57.16,0
9,0,72.83,7642.0,CN,Linux,0,0,64.48,0
20,0,45.57,6401.0,DE,Windows,1,0,84.56,0
12,2,44.09,10593.0,SG,Linux,0,0,58.76,0
4,1,53.35,13952.0,SG,Windows,1,0,71.65,0
14,1,33.06,3907.0,IN,Windows,0,0,77.25,0
3,0,32.1,9467.0,IN,Windows,1,0,74.62,0
0,3,43.04,1742.0,IN,iOS,0,1,73.64,0
15,1,26.59,810.0,IN,iOS,0,0,44.74,0
12,2,40.42,21187.0,IN,macOS,1,0,72.28,0
18,1,83.79,3764.0,DE,Android,0,0,53.54,0
8,1,65.85,6015.0,SG,Windows,0,0,38.32,0
20,2,,1844.0,IN,Windows,0,0,61.67,0
10,0,76.03,1777.0,IN,Windows,0,0,60.66,0
17,1,28.5,2778.0,GB,Windows,1,0,100.0,0
2,2,94.81,8220.0,DE,macOS,0,0,87.57,0
2,1,35.79,3251.0,CN,Windows,0,1,84.12,1
18,0,85.08,3757.0,IN,iOS,0,0,62.66,0
20,0,84.99,2709.0,IN,macOS,0,1,66.67,0
22,3,9.94,12489.0,SG,Windows,0,1,100.0,0
7,4,74.34,9846.0,IN,Android,1,0,58.55,0
0,5,39.32,3337.0,SG,Android,0,0,74.59,0
23,3,33.64,8496.0,IN,Linux,0,0,100.0,0
14,0,55.49,4039.0,,Windows,1,0,56.97,0
5,1,24.84,3752.0,US,Linux,0,0,72.7,0
18,4,55.04,4723.0,DE,Linux,0,0,69.67,1
21,0,26.18,8222.0,IN,macOS,1,0,54.0,0
6,5,48.54,2407.0,SG,Windows,0,1,83.95,0
18,2,71.71,7346.0,SG,Android,0,0,49.92,0
18,0,52.73,36252.0,SG,Windows,0,0,,0
12,0,37.8,5690.0,CN,iOS,0,0,77.73,0
15,0,55.83,5057.0,RU,Windows,1,0,86.16,0
6,1,16.87,4595.0,DE,Android,0,1,66.5,0
22,1,28.22,7205.0,US,Windows,1,0,77.01,0
23,2,36.39,1355.0,SG,macOS,0,0,88.47,0
23,0,60.74,19166.0,CN,Android,0,0,44.64,1
17,4,53.12,10775.0,GB,Windows,0,0,48.25,0
1,1,55.7,2935.0,IN,Windows,1,0,80.47,0
8,1,44.45,5040.0,IN,iOS,0,0,84.81,0
10,1,29.24,3147.0,SG,iOS,0,0,72.44,1
23,0,74.76,6244.0,CN,macOS,0,1,86.56,0
13,0,31.04,5162.0,IN,Linux,0,1,63.48,0
12,1,53.38,5901.0,CN,Windows,0,0,92.81,0
3,1,42.76,2159.0,IN,Linux,1,0,68.69,0
19,1,56.26,3343.0,IN,macOS,0,0,55.98,0
8,2,32.89,12294.0,RU,Windows,0,0,95.65,0
2,0,66.05,3207.0,CN,Windows,0,0,84.88,0
23,0,72.57,593.0,US,iOS,0,0,61.89,0
4,1,64.83,4357.0,CN,macOS,1,0,62.26,0
0,2,48.15,33833.0,SG,macOS,1,0,80.82,0
1,1,36.3,9692.0,RU,iOS,0,0,51.99,0
10,0,101.44,3080.0,RU,Linux,1,0,75.77,0
2,0,25.17,4720.0,IN,Windows,1,0,66.96,0
20,0,62.62,8467.0,IN,iOS,0,0,73.87,0
12,0,51.66,1206.0,IN,iOS,0,0,33.62,1
7,3,43.75,2478.0,IN,Windows,0,1,53.67,0
0,2,48.7,6759.0,IN,Windows,1,0,74.57,0
11,1,34.8,17599.0,IN,Windows,1,1,88.95,0
3,2,53.54,3458.0,IN,Windows,0,0,67.64,0
23,1,51.34,17216.0,US,Windows,0,0,83.01,0
6,0,98.55,2688.0,IN,Windows,1,1,43.33,0
11,1,66.42,328.0,IN,macOS,0,0,61.93,0
0,0,55.32,8911.0,IN,Windows,1,0,75.04,0
3,0,56.51,7573.0,IN,Android,0,0,68.88,0
4,4,81.79,8857.0,GB,Linux,0,1,83.73,0
1,1,25.59,8584.0,RU,Windows,0,0,65.38,0
17,1,41.35,5730.0,DE,Android,0,0,65.55,1
22,3,6.86,3996.0,GB,macOS,0,1,81.77,1
23,0,56.18,4119.0,CN,macOS,0,0,60.33,0
6,1,61.96,3401.0,DE,Android,1,0,53.66,0
18,0,25.09,3568.0,IN,Android,1,0,78.37,0
12,3,73.7,1154.0,IN,macOS,0,0,52.65,0
1,1,30.62,1860.0,GB,macOS,0,0,95.53,0
2,0,38.15,4312.0,GB,Windows,0,0,36.84,0
13,2,47.39,818.0,SG,macOS,0,0,64.63,0
10,1,76.88,986.0,IN,Linux,0,1,99.28,0
0,1,27.84,3762.0,CN,iOS,0,0,,0
22,2,50.82,4435.0,US,Linux,0,0,68.36,0
17,2,60.5,3825.0,RU,Windows,1,0,,0
12,0,56.37,732.0,US,Linux,0,0,83.95,0
23,2,57.11,17016.0,IN,Linux,0,0,61.15,1
23,2,60.23,1558.0,IN,Linux,1,0,78.41,0
23,0,33.91,2554.0,IN,Linux,0,0,54.49,0
6,0,78.76,1791.0,IN,iOS,0,0,41.88,0
21,2,,13894.0,RU,Windows,0,0,79.08,0
12,2,40.12,6885.0,IN,iOS,0,0,80.14,0
17,1,71.95,3366.0,IN,macOS,0,0,48.66,0
20,3,32.39,3181.0,IN,Windows,1,0,67.43,0
3,1,51.41,5674.0,US,Windows,0,0,48.65,0
10,1,30.54,1813.0,IN,iOS,1,0,61.7,0
3,2,95.38,6665.0,IN,Android,0,0,62.14,0
6,1,91.17,3169.0,RU,Windows,0,0,83.34,0
9,2,42.8,7448.0,IN,Linux,0,0,61.0,0
20,1,55.4,7249.0,CN,Windows,0,0,47.29,0
20,3,45.1,3057.0,IN,macOS,1,0,100.0,1
9,3,38.03,951.0,GB,Windows,0,0,78.91,0
7,0,47.39,4034.0,GB,Windows,1,0,86.13,1
12,0,44.19,1541.0,IN,Linux,1,0,80.95,0
21,2,14.59,5234.0,GB,Linux,1,0,86.94,0
23,0,50.26,4003.0,IN,Windows,0,0,77.86,0
5,1,44.15,3071.0,IN,macOS,0,0,78.37,0
4,1,51.24,1743.0,RU,Android,1,0,72.29,0
16,0,43.45,12701.0,CN,macOS,1,0,62.1,0
7,2,37.79,3419.0,IN,iOS,1,0,85.96,0
4,1,62.5,32295.0,GB,Android,0,0,65.24,1
0,2,55.66,5054.0,IN,Windows,0,0,72.12,1
9,1,72.92,6511.0,IN,Windows,0,0,76.66,0
9,1,54.89,5071.0,IN,macOS,0,0,78.18,0
13,1,41.05,6459.0,GB,macOS,0,0,51.74,0
4,1,57.34,11780.0,DE,iOS,1,0,73.62,1
17,1,5.39,11889.0,US,Windows,0,0,51.63,0
16,1,87.07,1196.0,CN,Windows,1,0,73.21,0
11,0,50.49,9744.0,DE,Android,0,1,84.04,0
4,1,88.69,7315.0,IN,Android,0,0,100.0,0
12,1,,5058.0,IN,Linux,0,0,80.4,0
16,3,22.65,19342.0,US,Linux,1,0,85.55,0
8,1,52.32,19975.0,IN,Android,0,0,50.42,0
6,2,52.25,10134.0,IN,Linux,1,0,79.69,0
12,1,51.76,3182.0,IN,Android,0,0,49.92,0
8,2,48.72,1893.0,IN,iOS,0,0,91.64,0
9,3,32.44,8987.0,US,Windows,1,0,50.81,0
8,2,15.29,14583.0,GB,Windows,0,0,52.41,0
7,1,,970.0,,iOS,0,0,83.59,0
17,2,19.35,11720.0,CN,Linux,0,0,100.0,1
11,1,17.46,4008.0,SG,Windows,0,0,89.04,0
11,3,37.39,1156.0,IN,Linux,1,0,63.63,0
15,0,53.61,7155.0,US,macOS,0,0,52.19,1
8,2,84.76,10173.0,IN,Windows,0,0,62.3,0
2,1,64.59,3710.0,CN,macOS,0,0,72.26,0
20,1,73.66,2109.0,US,Windows,0,1,68.61,0
1,1,,19335.0,IN,Windows,1,0,51.48,1
13,0,52.34,2879.0,DE,Windows,0,1,93.15,0
6,2,95.12,12426.0,IN,Linux,1,0,93.54,0
5,2,18.54,1465.0,CN,Android,0,0,100.0,0
1,0,36.74,6855.0,IN,Linux,0,0,40.11,0
21,2,38.3,6701.0,IN,Android,0,0,55.44,0
10,2,62.87,9885.0,CN,Windows,1,0,74.52,0
8,1,25.42,16226.0,IN,Windows,0,0,70.09,0
17,3,60.27,2563.0,IN,Linux,0,0,61.91,0
0,1,56.59,7455.0,US,Android,0,0,54.59,0
13,0,61.27,1647.0,GB,macOS,1,0,52.04,0
11,0,60.9,1632.0,IN,Android,0,0,100.0,0
13,0,75.77,3094.0,IN,Windows,0,0,44.31,0
2,1,44.02,6819.0,IN,iOS,0,0,41.96,0
22,0,55.6,18798.0,IN,Android,0,0,48.61,0
5,1,30.27,21745.0,IN,iOS,0,0,73.46,0
16,0,25.7,3700.0,IN,Windows,0,0,65.09,0
17,0,80.3,6276.0,DE,Windows,0,0,77.45,0
8,0,28.76,10450.0,US,macOS,0,0,57.28,0
3,3,57.83,9066.0,IN,Linux,0,1,71.59,0
7,2,55.62,4292.0,IN,macOS,0,0,71.53,0
19,1,68.5,5223.0,IN,Windows,1,1,98.35,0
21,1,11.84,4500.0,IN,Linux,0,0,100.0,0
22,0,62.82,4160.0,CN,Windows,0,1,67.28,0
5,1,43.84,3740.0,IN,Linux,0,0,85.39,0
14,2,33.0,4466.0,SG,Windows,0,0,72.92,0
3,0,39.98,3552.0,US,iOS,0,0,83.87,0
17,1,65.74,1982.0,SG,Windows,0,0,76.93,0
9,3,59.62,9799.0,RU,Linux,0,0,83.25,0
17,2,42.44,7428.0,SG,Windows,1,0,85.36,0
16,0,22.22,22055.0,US,Windows,1,0,77.64,0
23,0,23.63,6605.0,IN,Linux,1,0,72.46,1
11,2,60.06,3521.0,GB,Windows,0,0,88.77,0
8,2,19.45,2978.0,IN,Linux,0,0,67.58,0
12,0,42.64,5105.0,IN,Windows,0,0,59.63,0
3,3,98.62,7649.0,SG,macOS,0,0,42.02,0
2,3,54.19,4041.0,US,Android,0,0,77.66,1
12,3,59.84,1516.0,IN,macOS,1,0,82.46,1
19,2,23.78,2721.0,RU,Windows,0,0,38.97,0
12,1,20.45,4986.0,IN,Linux,1,0,58.95,0
18,0,60.92,8886.0,RU,Windows,0,1,83.52,0
4,1,39.35,1497.0,DE,Linux,0,1,67.41,0
10,0,68.47,6076.0,IN,Android,0,1,70.99,0
14,2,47.86,5866.0,IN,Windows,0,0,86.43,1
8,1,116.13,3425.0,CN,Windows,0,0,68.05,0
0,1,35.55,3073.0,IN,Android,0,0,76.92,0
1,1,52.78,2727.0,CN,Linux,1,0,50.54,0
22,1,29.12,5501.0,IN,Windows,0,0,76.33,0
14,1,67.64,12106.0,IN,iOS,0,0,45.9,1
6,0,55.81,12813.0,GB,Windows,0,1,46.66,1
6,0,27.78,2000.0,IN,Android,1,0,60.94,0
0,1,40.65,4232.0,IN,Windows,0,1,79.88,0
22,0,74.44,850.0,GB,iOS,1,0,70.94,1
2,0,72.03,5363.0,IN,Android,0,0,55.79,1
18,3,18.71,7928.0,IN,Windows,0,0,85.79,0
5,2,37.68,17271.0,SG,iOS,0,0,75.74,0
8,2,83.43,1177.0,US,Windows,1,0,88.81,0
6,1,43.66,2058.0,GB,Android,0,0,53.97,0
19,3,,5515.0,US,macOS,1,0,95.82,0
0,2,67.54,1347.0,US,Windows,0,0,98.47,0
8,4,20.36,5641.0,IN,Linux,0,0,86.41,0
6,0,28.21,8090.0,CN,Windows,0,0,78.78,0
6,0,40.53,1763.0,IN,Linux,0,0,78.94,0
4,0,71.09,5465.0,RU,Linux,0,1,75.95,0
21,2,67.4,1864.0,SG,Linux,0,1,45.28,0
9,1,61.4,14770.0,DE,Android,1,1,59.22,0
10,1,44.22,5798.0,IN,iOS,0,0,68.13,0
9,1,69.59,2945.0,IN,Linux,1,0,51.45,0
23,2,43.95,1825.0,IN,macOS,0,0,95.83,0
8,2,58.56,6710.0,GB,Windows,1,1,79.01,0
8,2,65.24,14565.0,IN,iOS,0,0,100.0,0
7,2,80.94,2651.0,IN,Android,0,1,84.22,0
7,0,45.87,3457.0,US,iOS,0,0,44.86,1
2,1,39.75,2693.0,IN,macOS,1,0,93.53,1
14,0,72.9,17058.0,IN,Windows,0,0,61.89,0
0,1,74.44,1068.0,US,Windows,0,0,94.56,0
5,0,36.13,13746.0,IN,Linux,0,0,97.15,1
4,1,24.9,3635.0,IN,Windows,0,0,94.33,1
6,2,71.38,4641.0,IN,Linux,0,0,89.32,0
18,0,14.17,3742.0,US,Windows,0,0,77.8,0
14,1,13.14,5953.0,CN,macOS,0,0,69.81,0
23,2,41.63,2741.0,IN,macOS,0,0,100.0,1
8,2,47.05,11461.0,DE,Windows,0,0,74.9,0
22,2,23.8,11840.0,IN,macOS,0,0,63.06,0
1,0,49.44,2238.0,GB,Windows,0,0,77.95,0
12,0,50.33,8383.0,IN,Windows,0,0,90.68,0
19,1,35.39,3695.0,SG,Linux,0,0,90.02,0
12,2,85.67,5122.0,DE,Windows,0,1,50.45,0
22,1,53.6,16649.0,GB,Windows,0,1,89.45,0
7,2,67.57,2866.0,IN,Windows,0,0,82.41,0
0,2,15.88,10314.0,SG,Windows,0,0,63.78,0
18,1,15.7,7085.0,IN,Windows,0,0,55.16,0
1,4,54.2,4208.0,US,Linux,0,0,95.74,1
18,1,82.1,6594.0,DE,Android,0,0,97.52,0
17,1,24.8,5995.0,GB,Windows,0,1,98.26,0
20,0,47.87,1946.0,SG,Windows,1,1,46.46,0
11,0,20.3,3025.0,DE,Windows,0,1,66.23,0
21,0,30.63,2130.0,DE,Windows,0,0,71.03,0
4,0,48.86,3939.0,IN,Windows,0,0,97.04,1
10,0,,14415.0,IN,Linux,0,0,84.54,0
2,2,18.89,7823.0,US,macOS,0,0,65.97,0
18,2,18.44,1562.0,US,macOS,0,0,72.92,0
17,1,7.28,3949.0,GB,iOS,1,0,82.85,0
19,1,54.53,5925.0,US,iOS,1,1,83.46,0
18,3,56.95,8913.0,DE,Windows,1,0,100.0,0
7,2,56.85,2920.0,IN,Windows,0,0,96.22,0
1,0,26.82,1826.0,IN,Linux,1,1,92.45,0
22,1,65.12,4698.0,RU,Linux,0,0,56.24,0
11,1,59.14,7748.0,IN,Linux,0,0,57.35,0
2,3,45.15,5931.0,IN,Linux,1,1,52.17,1
22,2,41.86,2422.0,DE,iOS,1,0,77.62,0
23,1,32.02,20004.0,IN,Linux,0,0,61.55,0
10,2,48.84,4541.0,IN,iOS,1,0,80.72,1
18,6,77.34,5739.0,DE,iOS,1,1,83.32,1
0,1,67.76,2894.0,IN,Linux,0,0,74.44,0
2,0,39.88,11911.0,RU,Windows,0,0,86.33,0
6,0,55.77,7766.0,RU,Windows,0,1,58.92,1
15,1,22.97,6322.0,US,Windows,1,0,43.93,0
3,0,59.6,1956.0,CN,Android,0,0,57.83,0
0,0,28.38,11793.0,IN,iOS,0,0,85.62,0
16,3,58.81,9005.0,IN,Windows,0,0,100.0,0
18,0,104.38,11069.0,GB,Windows,0,0,97.19,0
17,1,33.6,5063.0,US,Android,0,1,66.99,0
19,3,103.46,4629.0,IN,Linux,0,0,87.9,0
19,0,54.81,4249.0,IN,macOS,1,0,45.66,0
14,1,30.01,30430.0,IN,Windows,0,0,98.52,0
12,2,29.09,3184.0,IN,Windows,1,0,80.14,0
20,0,92.3,1903.0,IN,Windows,1,0,84.94,0
8,1,54.86,3646.0,RU,Windows,0,0,36.31,0
2,3,33.68,3208.0,SG,Linux,0,0,79.09,0
18,0,40.93,13465.0,US,Windows,0,0,100.0,0
6,3,53.62,1661.0,IN,Linux,1,0,76.14,0
23,1,44.83,3137.0,IN,Android,0,0,69.2,0
9,2,51.92,5724.0,IN,Windows,1,1,66.25,0
20,1,80.47,13557.0,GB,Android,1,1,57.89,1
1,0,22.44,8695.0,DE,Windows,0,0,,0
15,0,57.89,17948.0,IN,macOS,1,0,48.98,1
10,2,43.54,6481.0,RU,Windows,1,1,78.99,0
11,0,35.02,4176.0,SG,Android,0,1,90.87,0
6,0,66.44,9744.0,IN,Windows,1,1,63.16,1
23,0,15.77,1646.0,RU,Linux,0,0,77.8,0
9,1,2.0,1251.0,IN,iOS,0,0,69.75,0
20,0,49.49,10732.0,RU,Windows,0,0,78.01,0
10,0,42.24,5816.0,GB,macOS,1,0,87.29,0
1,2,17.94,10628.0,IN,macOS,1,0,78.36,1
21,2,10.79,2485.0,IN,Windows,0,0,86.39,0
4,2,83.61,13737.0,US,Windows,0,1,80.29,1
6,3,54.26,8403.0,SG,Android,0,0,86.44,0
20,2,45.39,4794.0,SG,iOS,0,0,76.59,0
21,0,88.9,5802.0,IN,Windows,0,0,76.86,0
22,0,65.44,6487.0,SG,Android,1,0,83.35,0
10,2,80.39,2477.0,IN,Android,0,0,69.6,0
18,2,21.4,3612.0,IN,Linux,0,0,79.0,0
7,0,20.65,6405.0,IN,Android,0,0,54.86,0
17,0,57.34,3498.0,SG,Windows,1,0,38.27,0
12,1,53.29,1517.0,GB,Linux,0,0,72.55,0
1,0,69.99,6222.0,IN,iOS,0,0,56.51,0
10,2,12.38,9593.0,GB,macOS,0,0,100.0,0
11,3,59.07,11554.0,RU,Windows,0,0,56.46,0
6,0,64.79,7524.0,IN,macOS,1,1,84.61,1
8,0,63.72,9458.0,IN,Windows,0,0,58.03,0
12,0,36.87,10829.0,IN,Windows,1,0,70.38,0
1,2,55.37,5238.0,IN,Windows,0,0,50.7,0
3,1,29.49,902.0,IN,Windows,0,0,49.02,0
18,0,39.14,12429.0,DE,Linux,0,0,75.94,0
8,0,24.14,2405.0,IN,Windows,0,0,63.64,0
14,1,29.83,1989.0,SG,macOS,0,1,84.15,0
13,1,40.18,2033.0,CN,Android,0,0,93.25,0
13,1,35.18,35870.0,IN,Linux,0,1,42.09,0
9,1,29.82,6991.0,IN,Windows,0,0,89.67,0
11,1,19.01,2136.0,IN,iOS,0,0,52.7,0
19,0,84.22,2845.0,GB,Windows,0,0,64.0,0
23,1,34.99,4912.0,IN,Linux,0,0,44.77,0
6,1,51.6,7585.0,US,Windows,1,0,45.3,0
16,1,9.82,6145.0,DE,iOS,1,0,34.99,0
23,3,72.15,2338.0,DE,Windows,0,0,62.72,0
0,1,48.34,6334.0,US,iOS,1,0,71.1,1
18,1,36.12,3014.0,RU,iOS,0,0,63.31,0
11,2,36.3,11356.0,CN,iOS,0,0,37.77,0
23,0,62.39,5141.0,GB,Android,0,0,34.77,0
13,1,2.0,2677.0,IN,macOS,1,0,70.18,0
20,1,28.52,8528.0,DE,iOS,0,0,84.2,0
3,2,42.62,6678.0,RU,Windows,0,0,74.46,0
3,0,42.39,3361.0,US,Android,1,0,100.0,1
22,1,95.11,8814.0,DE,Windows,1,1,69.31,0
12,0,38.25,8130.0,IN,Windows,1,0,75.68,0
13,0,64.8,12855.0,US,Linux,0,0,69.62,0
4,1,81.23,8674.0,SG,iOS,0,1,55.93,0
5,2,58.41,4142.0,RU,Windows,0,0,67.04,0
19,1,31.52,1271.0,IN,Linux,0,0,85.09,0
7,3,19.31,5706.0,IN,macOS,0,0,85.8,0
14,1,59.91,6460.0,IN,macOS,1,0,76.44,0
7,1,77.9,5120.0,IN,Windows,0,0,98.48,0
6,2,55.92,442.0,DE,Linux,0,0,78.23,0
3,1,69.67,8460.0,IN,macOS,0,1,75.88,1
22,0,96.84,2369.0,DE,iOS,0,0,97.04,0
22,2,61.75,8506.0,US,iOS,1,0,57.13,0
2,1,22.99,19159.0,GB,Windows,0,0,95.7,0
8,1,46.02,4015.0,US,Windows,1,0,52.47,0
13,4,72.4,6980.0,SG,macOS,0,1,65.21,1
9,3,40.02,5045.0,IN,Linux,0,0,36.94,0
17,1,75.11,7484.0,IN,macOS,0,0,74.52,0
6,3,43.66,5339.0,GB,Android,0,0,93.86,0
1,0,51.69,3250.0,IN,Windows,1,0,53.12,0
8,3,37.99,2383.0,IN,Android,1,0,64.91,0
14,2,48.19,17542.0,RU,Windows,0,0,66.01,0
4,0,49.25,6980.0,DE,iOS,1,1,66.13,0
19,1,12.83,9551.0,IN,Linux,0,0,51.14,0
0,2,36.17,6763.0,DE,Android,0,0,70.68,0
1,0,20.34,10728.0,IN,Windows,1,0,98.26,1
12,4,36.86,2400.0,IN,Linux,1,0,60.98,1
12,2,29.1,5253.0,IN,Windows,1,0,74.14,0
7,0,,7364.0,IN,macOS,0,1,74.0,0
6,0,65.47,13824.0,IN,iOS,0,0,62.88,0
1,1,56.21,41709.0,US,Android,1,0,75.01,1
15,3,19.65,6809.0,IN,macOS,0,0,63.14,1
9,1,43.04,2896.0,IN,Windows,1,0,77.52,0
2,2,18.06,1888.0,IN,iOS,1,0,68.73,0
9,1,42.05,2383.0,IN,Windows,1,0,44.7,0
22,1,57.95,2646.0,US,macOS,0,0,37.62,0
6,2,64.84,483.0,IN,Windows,0,0,31.52,0
21,1,54.46,2863.0,US,Android,0,1,62.62,0
6,1,70.17,8720.0,IN,Windows,0,0,84.95,0
4,1,50.2,5220.0,IN,Linux,0,1,56.86,0
6,1,40.33,3996.0,DE,Windows,0,0,65.56,0
7,1,62.47,1343.0,GB,Linux,0,0,58.23,0
2,2,63.13,11388.0,GB,Windows,0,0,54.97,0
14,2,34.52,7402.0,IN,iOS,0,0,100.0,0
8,1,52.58,4864.0,IN,Android,0,0,55.63,0
17,1,39.11,844.0,US,iOS,0,0,45.66,0
11,1,4.83,3319.0,CN,Linux,0,0,53.89,1
10,1,53.8,6953.0,IN,macOS,0,0,71.35,0
11,1,19.11,4804.0,GB,Linux,0,0,59.68,0
3,1,51.56,5730.0,IN,iOS,0,0,75.15,0
17,0,14.29,8505.0,CN,Windows,0,0,56.85,0
2,0,30.61,5562.0,IN,Windows,0,0,59.42,0
17,1,36.33,8265.0,IN,Windows,1,0,57.27,0
23,2,69.03,2503.0,IN,Linux,1,0,68.35,0
18,0,34.33,1848.0,DE,Android,0,0,82.84,0
10,0,23.5,7200.0,DE,Windows,0,1,84.75,0
7,0,52.29,8484.0,DE,macOS,1,1,95.34,0
20,2,40.66,7444.0,DE,Windows,0,0,46.37,0
6,0,60.81,5460.0,IN,Windows,0,0,51.28,0
11,1,24.76,3792.0,IN,iOS,0,0,53.46,0
18,2,49.22,5818.0,RU,Android,1,0,69.94,0
22,2,94.39,6657.0,IN,iOS,0,0,50.61,0
22,3,40.21,6984.0,IN,Linux,0,0,57.6,0
2,3,48.73,39565.0,IN,macOS,1,1,82.32,0
21,1,,2353.0,IN,macOS,0,0,89.26,0
2,0,27.94,50000.0,IN,macOS,1,0,82.47,0
14,1,54.19,1798.0,GB,Windows,1,0,75.77,0
22,1,38.4,6691.0,US,Windows,1,0,58.07,0
15,2,57.29,1890.0,IN,Windows,0,0,70.38,0
22,0,53.5,6279.0,IN,macOS,0,0,90.53,0
8,2,18.64,10783.0,RU,Android,0,0,81.91,0
7,0,65.31,5045.0,DE,macOS,0,1,85.92,1
7,0,20.15,10705.0,RU,Windows,0,0,,0
8,0,29.7,3502.0,IN,macOS,0,0,64.1,0
16,0,49.59,953.0,RU,Windows,0,0,81.41,1
10,1,76.34,8114.0,RU,Android,1,0,63.16,0
17,0,24.92,5037.0,IN,Linux,1,1,,0
9,2,47.95,3349.0,GB,macOS,0,0,92.08,0
7,2,48.12,3539.0,IN,Windows,0,0,97.97,0
4,0,58.15,6804.0,GB,Windows,0,0,80.7,0
13,3,68.68,2562.0,SG,Linux,0,0,77.09,0
21,2,36.92,6636.0,IN,Linux,0,0,94.98,0
20,1,65.24,12720.0,IN,Windows,0,0,54.44,0
6,0,71.61,25541.0,IN,Linux,0,0,96.03,0
11,2,80.68,15118.0,DE,Windows,0,1,72.35,1
16,1,55.04,5594.0,DE,iOS,1,1,72.48,0
14,1,48.15,6040.0,IN,Linux,1,0,61.88,0
1,1,35.51,3568.0,CN,Linux,0,0,48.88,0
14,1,15.82,3386.0,IN,Linux,0,1,96.49,0
0,2,39.44,9874.0,IN,Android,0,0,,0
2,0,47.25,3843.0,IN,Windows,0,0,63.35,0
15,1,42.81,6587.0,SG,macOS,0,0,76.3,0
2,2,,2276.0,DE,iOS,0,1,63.94,1
8,2,15.92,14710.0,DE,Linux,0,0,39.31,0
14,0,41.36,3797.0,RU,Windows,1,0,66.79,0
15,1,84.9,11736.0,IN,Windows,1,0,44.67,1
10,0,64.91,2799.0,IN,iOS,0,1,74.28,0
2,1,57.32,2683.0,US,Windows,1,0,98.55,0
19,1,,14220.0,,Windows,0,0,58.46,0
22,1,37.69,2979.0,US,iOS,0,0,84.24,0
21,1,9.92,1402.0,IN,Android,1,0,58.48,0
17,2,54.14,2139.0,IN,Linux,0,0,69.63,0
9,2,2.0,9753.0,IN,Windows,0,0,54.2,0
21,1,38.49,9032.0,IN,Linux,0,0,81.15,1
11,3,44.93,2670.0,CN,Android,0,0,,0
3,1,36.06,2965.0,IN,Windows,0,0,73.46,0
20,1,88.43,8420.0,RU,Windows,1,0,79.64,0
7,0,81.49,14083.0,IN,iOS,1,0,79.61,0
22,2,65.66,4652.0,SG,macOS,0,0,65.53,0
8,3,26.49,7657.0,US,Linux,0,1,93.53,0
20,0,83.43,9885.0,IN,iOS,1,1,60.68,0
12,0,57.38,27513.0,IN,macOS,1,0,41.7,1
11,1,26.16,1950.0,IN,iOS,0,0,53.41,0
7,3,45.65,2878.0,SG,Windows,1,0,81.08,0
20,2,64.17,3277.0,IN,Linux,1,0,63.04,1
1,0,33.02,9528.0,IN,macOS,0,0,71.67,0
11,0,47.81,4018.0,GB,Linux,0,0,65.71,0
8,2,51.33,6309.0,US,Windows,1,1,73.26,0
13,0,22.98,5418.0,IN,macOS,1,0,89.68,0
6,1,39.6,4922.0,IN,macOS,0,0,97.46,0
15,0,24.49,5356.0,US,Windows,1,0,52.55,0
9,0,62.37,11203.0,IN,Linux,1,0,86.78,0
4,4,26.84,2261.0,US,macOS,0,0,73.54,0
4,1,50.84,4364.0,IN,macOS,0,0,47.98,0
16,1,17.2,1859.0,CN,Linux,1,0,78.9,0
6,0,22.33,5891.0,,Windows,0,0,100.0,0
7,0,21.36,4203.0,US,Windows,0,1,56.71,0
15,0,39.21,11561.0,SG,Android,1,0,65.88,0
7,0,48.61,4896.0,CN,Android,1,0,41.09,0
9,1,52.3,3446.0,DE,macOS,0,1,67.9,0
5,2,9.56,4034.0,US,Linux,0,0,72.88,0
8,2,41.63,19511.0,RU,Windows,1,0,100.0,1
16,0,29.99,1400.0,IN,Linux,0,1,53.18,0
12,1,55.68,2975.0,DE,Linux,0,0,87.35,0
23,1,39.65,5058.0,GB,Linux,1,0,75.41,0
18,3,43.38,2954.0,US,Windows,1,0,100.0,0
0,0,30.1,7278.0,RU,Windows,0,0,73.15,1
9,2,79.49,4698.0,DE,iOS,0,1,69.07,0
6,0,19.33,6032.0,DE,Linux,0,0,85.24,0
14,2,37.01,5401.0,RU,Android,0,0,78.8,0
6,1,47.15,4526.0,GB,macOS,1,0,86.84,0
23,0,39.97,1750.0,IN,Android,0,0,80.1,0
7,2,29.72,5658.0,IN,Windows,0,0,43.44,0
12,1,8.77,1199.0,US,Windows,0,0,79.4,0
2,0,31.17,2871.0,IN,macOS,0,0,78.98,0
21,1,25.81,7269.0,GB,Linux,0,0,56.69,0
21,0,78.58,12730.0,SG,Windows,0,0,75.21,0
19,1,90.29,32194.0,IN,macOS,0,0,36.95,0
8,2,43.98,3489.0,RU,Windows,1,0,74.6,0
1,1,16.9,2460.0,DE,Windows,1,1,82.33,1
17,0,59.76,7464.0,CN,iOS,0,1,87.27,0
10,1,25.38,21938.0,IN,Linux,0,0,82.61,0
23,3,34.02,16751.0,IN,Windows,0,1,54.05,1
16,0,32.42,2147.0,GB,Windows,0,0,43.62,0
12,2,34.99,4392.0,DE,iOS,1,0,86.94,0
23,1,,9704.0,RU,iOS,1,0,77.29,0
19,0,18.73,10258.0,RU,Windows,0,0,78.88,0
11,2,30.96,7891.0,IN,Linux,1,0,100.0,0
0,2,65.4,3432.0,IN,macOS,0,0,41.07,0
2,0,44.33,7835.0,DE,Windows,0,0,100.0,0
10,3,47.51,10337.0,IN,Linux,0,0,59.88,0
13,3,2.0,2332.0,CN,Windows,0,0,84.85,0
0,0,63.96,14245.0,DE,Windows,0,0,69.76,0
3,1,31.29,10868.0,SG,macOS,0,0,63.78,0
16,0,67.48,2715.0,RU,Windows,0,0,42.84,0
18,1,48.09,10300.0,IN,Linux,0,0,57.9,0
0,3,33.76,9419.0,IN,Windows,0,0,78.41,0
12,3,11.44,9710.0,GB,Linux,0,0,76.39,0
1,0,88.5,17340.0,SG,iOS,0,0,87.14,0
17,1,61.06,4874.0,DE,Linux,0,0,57.55,0
20,1,62.26,6407.0,IN,Linux,0,0,83.44,0
20,0,81.38,595.0,GB,Linux,0,1,71.19,0
14,2,49.48,12000.0,IN,Android,1,0,81.39,0
15,3,72.05,11111.0,IN,macOS,0,0,79.24,0
22,1,35.43,14542.0,CN,Windows,1,0,61.51,1
14,1,59.75,2323.0,IN,Windows,0,1,74.54,0
10,2,32.4,10611.0,IN,Linux,1,0,78.3,0
18,2,34.92,11103.0,IN,macOS,0,1,84.16,0
14,0,46.94,2920.0,RU,Windows,1,0,97.09,0
20,1,19.65,11439.0,IN,Linux,0,0,58.58,0
12,2,51.59,7118.0,IN,macOS,1,0,49.01,0
20,0,38.76,1263.0,IN,Linux,0,1,93.16,0
1,2,5.25,7845.0,GB,macOS,0,0,46.85,0
0,0,35.85,2660.0,IN,Windows,0,0,88.6,0
2,3,38.1,1286.0,SG,macOS,0,0,53.63,0
13,3,62.06,6590.0,SG,macOS,0,0,58.67,0
17,2,50.7,4664.0,US,iOS,0,0,68.58,0
5,0,73.95,15109.0,IN,macOS,0,0,43.88,0
3,1,55.4,5684.0,US,Windows,0,0,52.54,0
20,2,33.92,9162.0,IN,macOS,0,0,39.88,0
18,0,43.83,7384.0,IN,Android,0,1,,0
15,0,38.04,11123.0,DE,Linux,0,1,69.79,0
11,2,54.76,2418.0,IN,Windows,0,0,70.26,0
10,1,46.2,5761.0,IN,Windows,1,1,68.9,0
0,0,32.43,4391.0,IN,macOS,0,0,69.68,0
4,2,45.17,8291.0,IN,Linux,1,0,61.32,0
21,2,54.22,6031.0,IN,Windows,0,0,87.21,0
8,1,24.87,3007.0,IN,Linux,0,0,38.26,0
16,1,51.34,3751.0,DE,iOS,1,1,44.03,1
16,1,13.43,18376.0,IN,Windows,0,0,94.45,0
7,2,,1267.0,IN,Linux,0,0,,0
4,1,55.54,8669.0,RU,iOS,0,0,33.56,1
16,1,77.59,13269.0,US,iOS,0,1,75.75,0
2,2,22.67,7809.0,SG,Windows,0,1,41.39,1
11,1,67.67,23785.0,,Windows,1,0,93.41,0
21,1,63.72,10413.0,IN,Linux,1,0,86.56,0
17,2,41.36,6683.0,IN,Windows,0,0,100.0,0
18,2,37.47,3383.0,DE,Linux,0,0,64.62,0
1,0,23.3,6783.0,RU,Linux,0,1,48.09,0
4,0,18.08,8479.0,IN,macOS,0,0,60.27,0
6,2,29.98,4929.0,IN,macOS,0,1,60.68,0
7,0,19.88,2713.0,IN,Android,1,0,76.94,0
4,2,,1875.0,IN,macOS,0,0,37.03,0
23,0,14.96,5701.0,IN,Linux,0,0,69.9,0
3,0,47.98,1504.0,CN,Windows,0,0,51.74,0
16,0,53.71,3370.0,IN,Android,0,0,60.77,0
14,1,52.15,702.0,IN,macOS,1,0,94.89,0
14,0,53.91,9570.0,GB,Windows,0,0,88.05,0
5,1,63.93,12373.0,IN,Windows,0,1,83.14,0
7,1,36.08,5235.0,CN,macOS,0,0,81.46,0
14,0,46.75,21272.0,IN,Windows,0,0,65.24,0
7,0,39.13,14442.0,RU,Android,0,0,69.13,0
16,3,71.05,7214.0,IN,Windows,0,0,41.69,0
0,3,87.0,4489.0,IN,Linux,1,0,47.79,1
1,4,21.12,3716.0,US,Windows,0,0,72.28,1
17,1,4.38,7708.0,RU,Linux,1,1,49.84,1
14,0,56.38,4390.0,IN,Android,1,1,82.42,1
1,1,66.41,7620.0,IN,Windows,0,0,69.11,0
21,1,84.14,8087.0,IN,Windows,1,0,64.64,0
0,0,59.76,4090.0,IN,Windows,0,0,59.08,0
22,0,72.92,11809.0,SG,Windows,1,0,78.11,0
17,1,78.2,4094.0,RU,Linux,0,0,82.2,0
23,1,74.3,4999.0,GB,Windows,1,0,54.16,1
22,3,62.62,2248.0,IN,Linux,0,1,60.56,0
7,0,19.36,3958.0,US,macOS,0,0,66.61,0
18,2,44.83,27627.0,US,Android,1,0,75.78,1
5,2,51.0,2392.0,IN,Windows,1,1,75.55,0
11,1,43.0,6976.0,IN,Android,0,0,68.16,0
5,0,44.24,3417.0,GB,iOS,0,0,82.75,0
11,3,76.34,836.0,SG,macOS,1,0,67.56,1
20,2,29.86,7686.0,IN,macOS,0,0,,0
10,0,60.98,3150.0,SG,Linux,0,0,94.07,0
2,2,51.33,6344.0,DE,Windows,0,0,87.64,0
7,1,27.85,10848.0,RU,iOS,0,0,45.21,0
18,2,23.47,5929.0,CN,iOS,0,0,73.21,0
12,2,10.97,6391.0,IN,Windows,0,0,93.41,0
13,1,54.71,2454.0,IN,Windows,0,0,64.52,0
10,0,43.74,8651.0,DE,Windows,0,0,83.89,0
7,0,28.48,4223.0,SG,Linux,0,1,89.99,0
14,1,7.48,994.0,IN,iOS,1,0,74.83,0
15,0,53.65,9526.0,US,Windows,0,0,100.0,0
21,0,41.53,12166.0,RU,macOS,0,0,81.7,0
14,1,30.73,16073.0,IN,Android,1,0,71.84,0
23,1,25.72,27908.0,IN,Windows,1,0,66.99,1
19,1,40.23,9125.0,IN,macOS,0,0,69.15,0
1,1,54.4,7414.0,IN,Linux,1,0,59.84,0
9,1,38.4,11769.0,US,Windows,0,0,49.96,0
9,0,21.23,2417.0,IN,Linux,0,1,53.82,0
0,0,43.84,1290.0,DE,Windows,1,0,67.44,1
4,0,65.91,3356.0,IN,macOS,0,0,84.46,0
18,3,45.81,13654.0,SG,Windows,0,0,75.88,0
8,1,46.37,2896.0,IN,Android,1,0,,0
3,1,38.49,7133.0,SG,Linux,0,1,100.0,1
6,2,27.21,7775.0,IN,iOS,1,0,100.0,0
6,2,26.54,5975.0,GB,macOS,0,0,53.57,0
4,0,11.76,1769.0,IN,macOS,0,0,82.68,0
2,2,68.62,6465.0,US,Windows,0,1,48.63,1
18,1,54.25,3508.0,IN,Linux,0,0,74.82,0
19,1,46.65,19193.0,IN,macOS,1,0,45.28,0
11,0,50.91,12204.0,DE,macOS,1,0,59.07,0
14,0,51.79,3608.0,IN,macOS,0,0,81.23,0
22,2,30.31,20183.0,CN,Windows,0,0,61.82,1
20,0,38.49,6470.0,US,Windows,0,0,50.58,0
0,2,35.52,1290.0,IN,Windows,1,0,57.62,0
22,1,95.23,4616.0,CN,Windows,0,0,53.01,0
1,1,65.4,18183.0,IN,macOS,0,0,77.42,1
0,2,48.36,2551.0,SG,Linux,0,0,91.65,1
9,3,72.32,4654.0,IN,Linux,0,0,66.45,0
17,2,69.79,1656.0,US,Windows,0,0,88.53,0
1,0,17.39,1880.0,SG,macOS,0,0,59.68,0
7,0,40.54,2521.0,IN,Windows,1,0,68.18,0
6,1,44.67,1841.0,GB,Windows,0,0,100.0,0
9,0,57.23,2997.0,IN,Android,0,1,66.8,1
23,1,40.52,19744.0,DE,macOS,0,0,89.26,0
7,1,,4775.0,IN,Windows,0,0,57.04,0
5,0,35.77,9213.0,IN,Windows,0,0,69.64,1
2,1,65.98,11769.0,IN,Linux,1,0,54.55,0
4,2,16.13,2025.0,GB,macOS,0,0,71.2,0
3,0,36.45,2527.0,CN,Windows,1,0,74.31,1
13,1,8.13,9069.0,CN,Linux,0,0,83.62,0
10,0,24.41,2959.0,DE,Windows,1,1,59.58,0
11,3,51.34,8601.0,SG,Linux,0,0,66.99,0
19,0,51.72,18805.0,RU,macOS,0,0,91.4,0
13,1,38.74,1534.0,US,Android,1,0,48.24,0
3,0,67.48,3694.0,,Windows,0,1,25.45,1
9,0,72.08,4194.0,GB,Windows,0,0,58.24,0
7,0,43.62,3226.0,IN,Windows,1,0,80.98,0
19,1,50.01,3022.0,SG,Windows,0,0,71.49,0
7,1,35.95,3315.0,IN,Windows,0,0,52.79,0
3,1,57.54,4855.0,IN,Windows,1,1,71.29,1
17,3,21.12,5608.0,SG,Android,0,0,63.4,0
10,2,80.92,10538.0,IN,Android,1,0,41.82,0
2,1,67.8,4817.0,,macOS,1,0,63.87,1
16,1,,12023.0,CN,Windows,1,0,83.4,0
5,2,29.22,3061.0,US,macOS,0,0,65.0,0
20,2,53.42,1880.0,DE,Linux,0,0,42.77,0
19,1,38.23,3851.0,IN,macOS,1,1,100.0,0
8,1,55.89,7115.0,IN,Windows,1,0,52.12,0
13,3,37.81,9783.0,RU,Android,1,0,76.71,0
13,2,75.5,15807.0,IN,Windows,1,0,85.03,0
15,0,45.17,6199.0,IN,Windows,0,0,77.59,0
1,1,93.41,8977.0,IN,Linux,0,1,65.82,0
7,2,57.05,14691.0,GB,Windows,0,0,37.31,0
4,2,18.01,2635.0,DE,iOS,0,0,91.1,0
16,3,86.73,4154.0,IN,macOS,0,0,49.0,0
1,0,66.97,45104.0,IN,Android,0,0,87.5,0
12,1,52.6,9751.0,SG,iOS,0,0,90.0,0
17,0,57.93,7395.0,IN,Linux,0,0,48.02,0
22,0,21.22,10046.0,IN,Android,0,0,47.74,0
6,2,8.91,1688.0,IN,iOS,0,0,62.92,0
0,0,44.17,2929.0,DE,Windows,0,0,86.55,0
17,2,72.58,2187.0,IN,Windows,0,0,59.24,0
0,1,52.91,6870.0,IN,Linux,0,0,71.69,0
1,1,79.18,3659.0,US,macOS,0,0,60.96,0
23,1,71.42,5304.0,IN,macOS,0,0,84.14,0
20,1,45.41,3832.0,CN,Windows,1,0,58.57,1
16,2,68.68,1338.0,RU,Android,0,0,57.03,0
20,2,75.45,9976.0,GB,macOS,0,0,51.42,0
1,0,43.4,1200.0,IN,Windows,1,0,50.86,0
2,1,40.72,2746.0,IN,macOS,0,1,89.15,0
7,2,47.81,1716.0,US,Android,0,0,63.56,0
0,2,2.0,2431.0,IN,Windows,1,0,52.88,0
21,2,50.61,5776.0,GB,Linux,0,0,39.92,0
1,4,59.41,13201.0,IN,macOS,1,0,65.13,1
13,1,47.89,1410.0,DE,Linux,0,0,55.22,0
20,0,51.89,3147.0,IN,Windows,1,1,51.81,1
17,1,44.13,1213.0,US,Android,1,0,56.07,0
5,6,5.06,3028.0,IN,Windows,1,0,72.19,0
11,2,78.25,5206.0,IN,Windows,0,1,49.1,0
13,0,37.64,9078.0,IN,Android,0,0,64.49,0
18,0,32.64,902.0,IN,macOS,0,0,85.94,0
10,1,72.16,7635.0,CN,Linux,0,0,60.04,0
6,2,64.57,2257.0,IN,Linux,1,0,50.85,0
19,4,50.46,1858.0,IN,Windows,0,1,88.99,0
21,1,60.39,5187.0,US,Windows,0,0,68.41,0
11,0,21.9,8117.0,IN,iOS,0,0,66.86,0
0,1,43.38,4535.0,RU,Windows,0,0,,1
12,1,70.9,2050.0,IN,Windows,0,1,68.44,0
21,1,31.46,4533.0,SG,macOS,0,0,71.26,0
23,0,25.03,2751.0,GB,Android,0,0,,0
9,1,46.57,7968.0,IN,macOS,0,1,54.89,0
3,1,47.04,11618.0,IN,Windows,1,0,100.0,0
13,0,57.95,11039.0,IN,Windows,0,0,51.28,0
19,0,17.44,4838.0,US,iOS,0,0,71.24,0
22,3,2.0,12066.0,IN,macOS,0,0,100.0,1
1,1,63.42,2172.0,US,Android,0,0,82.36,1
6,0,23.34,20461.0,DE,Linux,0,1,75.23,1
11,1,32.8,2162.0,US,macOS,1,0,55.57,0
2,1,,969.0,US,iOS,0,0,58.78,0
21,1,65.46,14652.0,SG,Windows,0,0,64.43,0
2,1,52.01,2785.0,IN,Windows,0,0,76.07,0
15,2,51.2,5396.0,IN,Windows,0,0,92.91,0
22,0,51.07,2155.0,IN,macOS,1,1,72.12,0
16,0,,32561.0,IN,Windows,0,1,59.72,0
18,0,25.3,21109.0,IN,Windows,0,0,68.26,0
6,0,35.97,16937.0,IN,macOS,0,0,79.37,0
19,0,30.03,5275.0,DE,macOS,0,0,76.06,0
10,4,39.57,10770.0,IN,Linux,0,0,65.52,0
1,4,49.92,4711.0,DE,iOS,0,0,49.84,1
8,1,,12061.0,IN,Windows,0,0,89.39,0
8,0,15.4,3539.0,IN,Linux,1,0,65.29,0
12,1,44.82,17462.0,IN,macOS,0,0,74.42,0
6,0,59.23,3399.0,IN,macOS,0,0,57.82,0
11,0,26.52,3723.0,IN,macOS,0,0,57.36,0
10,0,41.14,3384.0,IN,macOS,0,1,78.95,0
7,2,54.33,5733.0,US,Android,0,1,47.2,0
16,1,45.22,3603.0,IN,Android,0,0,49.06,0
7,2,58.48,7258.0,IN,iOS,0,1,97.16,0
18,1,46.89,3345.0,IN,iOS,1,0,84.87,0
6,3,38.76,9252.0,IN,Linux,0,1,77.5,1
20,3,21.55,16559.0,IN,macOS,0,1,50.69,1
8,1,49.94,5229.0,IN,Linux,0,0,73.97,0
0,0,47.0,28989.0,US,macOS,0,0,68.67,0
3,1,25.14,12113.0,US,Windows,0,0,62.04,0
19,0,56.64,27190.0,RU,Windows,0,1,68.39,1
20,4,70.36,4680.0,SG,iOS,0,0,44.24,0
5,1,31.8,1301.0,IN,macOS,0,0,32.75,0
14,0,30.45,2794.0,IN,Windows,0,0,75.35,0
13,1,29.72,3031.0,,Linux,0,0,72.91,0
3,1,11.43,2293.0,IN,Windows,0,0,74.53,0
10,0,85.09,848.0,IN,Android,0,0,83.85,0
16,0,36.02,11156.0,GB,Windows,1,0,79.21,0
23,1,27.83,1110.0,US,macOS,1,0,,0
20,1,22.46,10333.0,IN,macOS,0,1,91.23,0
2,1,37.24,28238.0,IN,Linux,0,1,71.05,0
5,1,31.1,2637.0,IN,Windows,0,0,72.85,0
10,0,73.76,6701.0,IN,Android,1,1,74.04,1
3,1,20.03,3573.0,IN,Android,0,0,42.39,0
13,1,14.23,9525.0,GB,Windows,0,1,86.56,0
0,0,56.04,1890.0,IN,Windows,1,0,80.54,0
2,0,42.86,4423.0,IN,macOS,0,0,40.16,0
1,2,,12051.0,IN,Windows,1,0,97.89,0
7,1,56.19,4726.0,CN,Windows,0,0,62.29,0
18,3,47.73,1336.0,IN,Linux,0,0,67.76,0
4,2,44.06,13271.0,IN,Linux,0,0,67.42,0
23,0,16.89,1743.0,US,Android,1,0,66.91,0
6,3,11.64,5234.0,IN,iOS,0,1,100.0,1
1,2,,7833.0,IN,macOS,0,1,65.3,0
8,1,23.31,5409.0,IN,Windows,0,0,64.16,0
17,1,50.38,37420.0,CN,Windows,0,0,70.35,0
2,1,9.03,8840.0,US,Windows,1,0,54.73,0
1,2,36.06,4180.0,US,macOS,0,0,75.25,0
20,0,41.54,7960.0,RU,Linux,0,1,55.22,0
14,1,44.21,5814.0,US,iOS,1,0,,0
8,1,52.98,5092.0,IN,Linux,0,0,51.23,0
18,1,38.47,5973.0,IN,Windows,0,0,59.43,0
20,1,31.65,3473.0,IN,Linux,0,0,51.91,0
8,0,69.89,5827.0,IN,Windows,1,1,60.42,0
13,1,38.6,3280.0,DE,Windows,0,0,37.84,0
0,2,73.38,1078.0,IN,Windows,0,0,25.99,0
7,0,38.5,12236.0,IN,Windows,1,0,64.2,0
14,1,44.67,3126.0,IN,Windows,1,0,42.35,0
4,0,42.23,5503.0,IN,Linux,0,0,100.0,0
23,1,49.62,2675.0,CN,Android,0,0,63.54,0
23,0,36.6,2740.0,IN,Android,1,0,82.75,1
6,1,46.92,2141.0,IN,Windows,1,0,75.56,0
9,0,75.62,10495.0,US,Linux,0,0,50.87,0
4,2,65.98,12731.0,SG,Android,0,1,62.43,0
12,0,66.11,5018.0,IN,iOS,0,0,83.33,0
2,1,18.16,3199.0,IN,Android,1,0,82.16,0
9,1,21.4,1268.0,DE,Linux,0,0,85.59,0
13,2,49.36,9287.0,IN,Android,1,0,58.18,0
14,0,60.41,2861.0,US,macOS,0,0,80.51,0
14,0,34.62,2011.0,GB,Windows,1,1,59.11,0
5,0,31.05,5031.0,SG,Windows,0,0,88.2,0
19,2,72.88,3762.0,RU,iOS,0,0,87.64,0
16,0,58.72,1459.0,CN,iOS,0,1,45.27,1
18,2,66.16,1629.0,IN,Linux,1,0,74.97,0
11,2,36.17,6433.0,SG,macOS,0,0,50.28,0
21,1,34.6,2909.0,GB,Windows,0,0,84.9,0
9,0,63.98,7392.0,IN,macOS,1,0,49.69,0
19,1,39.75,5526.0,RU,Linux,0,0,75.81,0
4,2,32.78,11362.0,RU,Windows,1,1,83.3,1
5,1,26.74,2526.0,DE,Linux,0,0,71.21,1
12,0,34.77,5920.0,IN,Linux,0,0,85.51,0
13,1,62.5,8190.0,IN,iOS,0,0,75.28,0
17,1,14.81,2978.0,RU,Android,1,0,98.2,0
7,2,57.58,12110.0,CN,Windows,0,0,50.17,0
20,2,30.84,1296.0,IN,Windows,0,0,63.09,0
7,1,40.79,2524.0,IN,Windows,1,1,35.45,0
12,0,42.08,1258.0,US,Windows,1,0,64.66,0
22,1,40.59,2728.0,IN,Linux,1,0,48.63,0
12,2,39.26,4343.0,US,Linux,0,0,45.04,0
16,0,36.11,9559.0,,Windows,0,0,42.0,0
21,0,33.57,4341.0,IN,iOS,0,1,61.48,0
23,0,71.4,3052.0,DE,macOS,0,0,74.57,0
11,1,45.5,1423.0,US,Windows,0,0,78.6,0
10,2,42.48,1861.0,IN,macOS,0,0,88.03,0
4,0,32.11,6299.0,IN,Windows,0,0,87.0,0
12,0,36.84,9948.0,US,macOS,0,0,49.68,0
22,2,32.18,3514.0,DE,Linux,1,0,56.63,0
11,2,60.31,12949.0,US,Windows,0,1,73.47,0
8,1,29.93,2299.0,RU,Linux,0,0,73.75,0
2,1,2.0,3596.0,IN,iOS,0,0,94.84,0
9,0,46.17,3847.0,CN,macOS,0,1,64.82,0
5,0,39.41,16706.0,US,macOS,0,0,83.82,0
23,2,33.28,5469.0,IN,Android,0,0,67.43,1
12,1,63.23,1166.0,IN,Android,0,1,76.44,0
3,0,2.0,10523.0,IN,Android,0,0,76.99,0
1,1,76.52,21520.0,IN,Windows,1,0,69.6,1
20,2,66.09,4025.0,CN,Windows,0,0,52.43,0
22,4,32.44,2398.0,DE,Android,0,1,74.98,0
18,0,35.98,9812.0,IN,iOS,1,1,81.58,0
2,1,55.09,23657.0,IN,Linux,0,1,71.93,0
2,2,55.62,9691.0,,iOS,0,0,20.27,0
4,0,32.32,1342.0,SG,macOS,1,0,66.82,0
18,2,12.66,8989.0,DE,Windows,0,0,82.21,0
18,0,87.27,6791.0,IN,iOS,0,1,52.36,0
20,3,64.12,2290.0,IN,Android,0,1,89.19,0
2,3,48.14,13781.0,IN,Linux,1,0,58.97,1
3,1,48.52,6979.0,US,macOS,1,0,64.24,0
21,2,57.43,14072.0,IN,Windows,1,1,73.71,0
22,3,59.82,2102.0,IN,macOS,0,1,53.42,0
17,1,3.27,6762.0,SG,Linux,0,1,86.41,0
2,2,37.98,2402.0,IN,Linux,0,0,92.76,0
1,2,35.9,5992.0,CN,macOS,0,0,50.2,1
1,1,41.77,16023.0,DE,Windows,1,0,66.66,0
16,2,60.42,1570.0,IN,Windows,1,0,100.0,0
20,1,9.2,1644.0,IN,Windows,0,1,89.79,0
15,0,18.02,10555.0,US,Linux,0,0,40.96,0
6,1,31.37,4860.0,DE,Linux,0,0,91.01,0
18,2,48.09,12544.0,IN,Linux,0,1,8.42,0
1,2,61.64,2576.0,RU,Linux,0,0,81.06,0
19,2,77.63,5120.0,DE,Windows,0,0,54.58,0
21,0,39.27,8523.0,US,Android,0,0,78.28,0
17,1,61.61,5815.0,IN,macOS,0,0,74.44,0
21,2,59.2,1175.0,,macOS,0,0,72.41,0
14,2,55.83,47008.0,IN,Windows,0,0,80.54,0
11,2,44.51,5825.0,IN,macOS,0,0,61.07,0
7,2,37.01,1682.0,SG,Linux,1,0,59.22,0
22,2,23.69,6319.0,IN,macOS,0,1,86.75,0
16,1,22.37,6928.0,IN,Windows,1,0,70.1,0
4,0,51.94,10885.0,DE,macOS,0,0,59.75,0
22,0,43.91,10319.0,US,iOS,1,0,66.79,0
1,1,36.69,4142.0,,Android,0,0,65.23,0
14,0,58.3,1239.0,US,Android,0,0,63.77,0
4,1,40.99,7109.0,GB,Windows,0,0,77.98,0
15,0,26.74,1321.0,IN,Linux,1,0,54.34,0
9,0,,12993.0,IN,Windows,0,0,97.37,0
10,3,61.41,2735.0,GB,Linux,0,0,74.03,0
16,2,24.53,8168.0,GB,macOS,0,1,36.95,0
18,0,49.19,2908.0,IN,macOS,0,0,74.95,0
9,1,43.89,3316.0,IN,iOS,0,1,53.25,0
23,0,29.78,2590.0,GB,iOS,0,0,69.5,0
11,2,39.13,8716.0,IN,Windows,0,0,67.26,0
3,0,13.57,2990.0,CN,iOS,0,0,82.2,0
0,3,47.19,9089.0,IN,Android,0,0,81.99,0
4,1,17.71,3053.0,DE,macOS,0,0,73.98,0
16,3,66.45,4084.0,CN,Windows,0,0,100.0,0
12,2,43.16,5057.0,IN,Windows,1,0,56.95,1
8,0,33.56,5558.0,US,Linux,1,1,94.58,0
11,2,68.21,2346.0,IN,Windows,1,0,95.08,0
20,1,24.36,8630.0,GB,Windows,0,0,76.07,0
13,0,30.05,3956.0,CN,Windows,0,0,78.26,0
1,0,8.42,7594.0,CN,Linux,1,0,87.11,1
1,0,71.19,4851.0,IN,macOS,0,0,64.32,1
11,0,82.46,7857.0,SG,Windows,1,0,60.89,0
9,1,11.53,3537.0,SG,Android,0,0,61.83,0
20,0,28.68,2613.0,IN,Windows,0,0,75.26,0
13,1,46.4,6915.0,SG,Linux,1,1,61.56,0
18,1,34.69,3311.0,IN,Linux,1,1,57.0,0
14,0,44.37,15788.0,CN,Linux,1,1,51.36,1
8,1,42.65,5188.0,RU,Windows,1,0,52.29,0
15,0,53.15,1638.0,US,macOS,0,0,58.49,0
14,0,25.78,3077.0,IN,Windows,0,0,58.9,0
17,1,48.85,2210.0,CN,Windows,0,0,71.93,0
4,1,22.68,11595.0,IN,Linux,0,1,56.03,0
15,0,36.76,9126.0,IN,Windows,0,0,78.85,0
6,1,10.26,4681.0,IN,iOS,0,0,100.0,0
18,0,36.91,6198.0,IN,Linux,1,0,92.49,0
19,1,33.55,4582.0,IN,Windows,1,0,50.9,0
14,1,63.87,9782.0,IN,Android,0,1,64.62,0
22,2,43.81,7449.0,CN,macOS,0,0,47.13,0
12,0,47.45,8604.0,SG,Linux,1,0,73.51,0
0,2,44.55,4215.0,,iOS,1,0,74.55,0
14,1,2.42,2965.0,US,Linux,0,0,73.13,0
18,1,5.06,8367.0,GB,Windows,0,0,51.11,0
2,1,38.63,17002.0,US,Android,0,1,58.31,0
2,1,50.57,11906.0,GB,iOS,1,0,87.2,0
6,4,40.3,17419.0,RU,Windows,1,0,77.14,0
20,1,27.72,5595.0,IN,Windows,0,0,54.37,0
12,2,40.19,2262.0,CN,macOS,0,0,46.89,0
23,2,38.46,2429.0,RU,macOS,0,0,68.69,1
20,2,60.58,14819.0,IN,Windows,0,0,67.79,0
13,3,59.46,1108.0,CN,iOS,0,1,46.85,0
16,2,33.93,16380.0,RU,Windows,1,0,64.45,1
7,3,44.0,2617.0,IN,Android,0,1,61.28,1
2,2,50.52,22896.0,IN,Android,0,0,59.43,0
9,1,53.49,4645.0,DE,Windows,1,0,62.3,0
14,0,78.05,8761.0,SG,Linux,0,0,74.94,0
4,3,44.44,33125.0,IN,Windows,0,0,71.61,0
5,1,68.37,3774.0,IN,macOS,1,1,92.59,0
0,1,21.8,3724.0,US,Linux,0,0,,0
17,1,32.25,2819.0,IN,macOS,0,0,84.49,0
21,2,2.28,2205.0,IN,Linux,0,1,46.18,0
19,1,48.03,3775.0,IN,Windows,1,0,72.73,0
9,2,57.95,3153.0,SG,Windows,0,0,63.3,0
14,2,2.0,1808.0,IN,Windows,0,1,83.03,0
23,2,48.77,4153.0,GB,Linux,0,0,74.57,0
14,1,57.08,7043.0,GB,iOS,1,0,98.35,0
7,2,,2400.0,CN,macOS,0,0,53.23,0
8,3,21.08,4316.0,CN,Linux,1,1,57.2,0
17,0,60.46,15142.0,CN,iOS,0,0,76.14,0
10,1,45.19,1579.0,US,Windows,1,0,67.66,0
20,1,56.82,23048.0,IN,iOS,0,1,53.02,0
20,1,42.48,2866.0,IN,Windows,1,0,76.72,0
0,1,52.62,5772.0,IN,Windows,0,0,61.09,0
17,1,67.18,13675.0,IN,Android,0,0,78.11,0
8,1,40.92,17457.0,IN,Linux,1,0,39.4,0
12,1,50.68,7157.0,IN,Android,1,0,64.72,0
6,2,70.0,2820.0,IN,macOS,0,0,72.82,0
8,0,42.34,2627.0,US,Windows,0,0,73.05,0
7,1,22.49,3103.0,CN,Windows,0,0,82.58,0
1,1,58.52,22279.0,IN,Linux,0,0,65.6,0
18,3,73.7,3617.0,IN,Linux,0,0,78.06,0
3,3,70.78,6367.0,US,Linux,0,0,68.75,0
9,3,59.3,2132.0,IN,Windows,0,0,83.2,0
4,1,2.0,1949.0,RU,Windows,0,0,42.32,0
3,1,32.28,5020.0,IN,Linux,0,0,23.12,1
8,1,33.31,3790.0,IN,Windows,0,0,92.57,0
22,0,45.9,4018.0,DE,Linux,0,0,59.77,0
22,0,78.77,1505.0,IN,Windows,1,0,39.34,0
9,0,23.39,4634.0,US,Android,0,0,67.11,0
12,2,89.84,16974.0,IN,macOS,1,0,60.67,0
23,2,37.35,2484.0,IN,Windows,1,0,76.64,0
5,1,29.66,10076.0,IN,macOS,0,0,78.86,0
22,0,61.9,308.0,DE,Linux,0,0,62.49,0
2,2,63.49,2587.0,IN,Linux,0,0,86.72,1
5,1,58.0,1066.0,IN,Windows,0,0,48.2,0
8,1,29.61,13213.0,US,Linux,0,0,27.69,0
0,1,55.04,9927.0,US,Android,0,0,72.66,0
19,1,24.33,2149.0,,Windows,1,0,65.36,0
20,0,29.06,6195.0,CN,macOS,0,0,35.9,0
9,1,43.1,12853.0,GB,Windows,0,0,80.97,0
20,2,28.6,14556.0,RU,Linux,1,0,39.43,0
18,2,66.05,3552.0,IN,Linux,0,0,67.98,0
19,2,33.44,840.0,US,Windows,0,1,83.8,0
19,0,40.59,2395.0,IN,Windows,0,0,74.62,0
13,0,27.4,9072.0,IN,Linux,0,0,73.61,0
2,2,65.75,26347.0,IN,Linux,0,0,61.46,0
22,2,31.68,4706.0,IN,iOS,0,0,73.03,0
14,3,,3025.0,RU,macOS,0,0,79.15,0
21,0,66.37,33506.0,SG,Android,0,0,58.4,0
23,0,36.08,6799.0,IN,iOS,0,0,49.64,0
4,1,45.59,1840.0,IN,Windows,0,0,84.19,0
9,1,35.53,4469.0,IN,Android,0,1,100.0,0
4,1,55.91,10937.0,GB,iOS,0,0,96.9,0
1,1,41.11,4646.0,IN,Linux,0,0,22.72,0
23,3,36.65,9279.0,,macOS,1,0,92.53,0
22,4,45.92,1361.0,IN,Windows,0,0,58.58,0
22,1,13.36,1560.0,DE,Windows,0,0,100.0,0
21,1,43.48,2730.0,RU,Windows,0,0,51.31,0
15,1,57.99,3922.0,IN,Windows,0,0,49.69,0
12,2,47.76,6420.0,RU,Linux,1,0,69.1,0
23,0,64.03,8180.0,RU,macOS,0,0,62.77,0
13,2,37.45,35344.0,US,Windows,0,1,63.66,0
15,1,35.81,2722.0,IN,Windows,0,0,86.98,0
5,1,22.65,3823.0,US,Windows,0,0,92.26,0
17,1,36.89,2784.0,IN,iOS,1,0,53.01,0
19,2,84.32,11655.0,CN,Android,1,0,99.53,0
16,1,50.51,12175.0,US,Windows,0,1,47.85,1
11,3,33.29,3435.0,SG,Android,0,0,59.12,0
4,3,24.88,25658.0,US,Android,0,0,100.0,1
0,1,13.03,2787.0,IN,Android,0,0,76.65,0
15,2,28.39,11203.0,US,Android,0,0,58.17,0
16,1,60.18,15735.0,RU,Linux,1,0,,0
18,2,36.46,1654.0,IN,Windows,0,0,82.7,0
22,1,25.84,7802.0,IN,Android,1,1,76.07,0
11,2,28.04,556.0,CN,Android,0,0,93.05,0
19,1,57.99,9503.0,IN,Windows,0,0,54.43,0
17,0,43.37,2036.0,SG,Linux,0,0,58.23,0
6,2,32.46,7739.0,IN,Linux,0,0,53.98,0
20,4,38.83,8991.0,SG,Linux,0,1,55.05,1
1,3,89.12,12041.0,US,macOS,0,0,70.76,0
14,1,69.39,10018.0,IN,Windows,0,0,50.85,0
22,0,74.37,5140.0,IN,Linux,0,0,75.23,0
15,1,9.96,3625.0,IN,Windows,1,0,81.39,0
22,4,41.98,4631.0,GB,Windows,1,0,47.99,0
1,1,32.1,2013.0,IN,Linux,1,0,58.66,0
12,2,55.88,4149.0,IN,Windows,0,1,60.81,0
18,0,66.2,3895.0,US,Linux,0,1,66.05,0
15,1,51.53,2616.0,CN,Windows,0,1,67.04,0
21,1,27.55,1221.0,IN,Linux,0,0,86.3,0
11,4,31.78,1769.0,GB,Windows,0,0,87.63,0
16,3,57.41,395.0,RU,Windows,0,1,55.45,1
10,0,59.4,3842.0,US,Android,0,0,82.45,0
20,2,47.82,6558.0,CN,macOS,0,1,94.75,0
2,1,47.6,575.0,US,Linux,0,0,91.77,0
6,1,46.0,5939.0,GB,macOS,0,0,73.69,0
2,1,50.38,4456.0,SG,Windows,0,0,69.02,0
16,0,59.32,1917.0,IN,Windows,0,0,44.73,0
5,1,57.6,3481.0,US,Windows,0,0,62.56,1
7,1,45.47,11392.0,US,Android,0,1,43.11,0
20,2,44.02,2254.0,IN,macOS,0,0,90.52,0
8,0,43.25,5235.0,IN,Android,1,0,65.25,0
3,6,29.39,6485.0,DE,iOS,0,1,68.44,1
0,3,29.14,2546.0,IN,Windows,0,1,58.89,0
5,1,55.88,11011.0,IN,iOS,0,0,44.61,0
21,2,30.74,6789.0,IN,macOS,0,0,82.83,0
13,0,61.28,4018.0,IN,Linux,0,0,79.04,0
23,1,43.97,32552.0,US,Linux,0,1,86.8,0
5,1,61.39,11049.0,IN,Linux,0,0,38.46,1
8,2,57.74,1275.0,IN,Windows,0,0,93.74,0
3,1,61.86,3600.0,IN,Windows,0,0,67.74,0
9,1,35.47,35359.0,RU,Windows,0,0,83.99,0
13,1,53.18,2240.0,RU,Windows,1,0,22.56,0
19,2,59.76,5183.0,IN,Windows,1,1,77.38,0
8,1,13.97,13158.0,IN,Windows,0,0,68.68,0
18,3,,8282.0,IN,iOS,1,1,66.03,0
15,1,90.32,9294.0,IN,Windows,0,0,68.23,0
7,3,63.95,8867.0,DE,iOS,1,0,59.27,0
21,1,61.12,5016.0,US,Linux,1,0,44.58,0
10,3,56.78,2608.0,US,Windows,0,1,47.24,0
3,1,38.53,6959.0,SG,Windows,0,0,70.48,0
23,0,42.8,3561.0,SG,Windows,1,0,93.61,0
21,0,64.29,3344.0,IN,Windows,0,0,89.92,0
1,0,25.54,16090.0,US,Windows,0,0,74.15,1
21,0,23.79,3624.0,IN,Android,1,0,61.2,0
22,1,37.05,19243.0,GB,Windows,0,0,100.0,0
19,1,58.13,6035.0,IN,Linux,0,0,82.26,0
6,4,27.68,4327.0,IN,Linux,0,0,80.7,0
15,2,40.49,1148.0,IN,macOS,1,0,46.02,0
12,1,42.87,26793.0,IN,iOS,0,0,,0
14,0,24.76,4891.0,IN,Linux,1,0,47.72,0
14,1,2.0,799.0,DE,Windows,0,0,100.0,0
15,1,24.47,10831.0,IN,iOS,0,0,54.86,0
12,0,50.22,4721.0,CN,iOS,0,0,59.08,0
16,1,54.72,2333.0,IN,Android,0,0,58.31,0
12,1,54.89,10352.0,CN,Android,0,0,63.34,0
0,0,57.19,640.0,IN,Linux,0,0,82.07,0
0,0,32.47,2776.0,IN,Linux,0,0,70.05,0
22,1,28.19,3868.0,IN,Windows,0,0,70.76,0
21,1,52.5,9718.0,IN,macOS,0,0,82.94,0
14,2,40.76,29502.0,IN,Android,1,0,42.69,0
4,2,63.14,4041.0,GB,Windows,1,0,83.47,0
18,2,52.63,7101.0,IN,Linux,0,0,72.42,0
3,0,70.68,44299.0,IN,macOS,1,0,57.35,1
9,3,35.69,4933.0,IN,Windows,0,0,72.37,0
7,1,66.35,7148.0,GB,macOS,1,0,72.04,0
0,1,85.69,1826.0,IN,macOS,1,0,22.77,1
19,2,46.07,23561.0,IN,Windows,0,1,94.75,0
12,0,54.99,2778.0,IN,Windows,1,0,91.76,0
7,1,26.39,6093.0,DE,Windows,0,0,46.49,0
12,1,62.88,5956.0,DE,Windows,1,0,56.4,0
0,1,67.58,5262.0,IN,Linux,0,0,94.37,0
10,1,35.11,3472.0,US,macOS,0,0,81.96,0
12,1,56.72,5961.0,IN,Linux,1,0,77.0,0
8,2,50.61,20048.0,IN,macOS,1,0,77.85,0
19,2,52.82,30478.0,DE,Windows,0,1,76.73,0
5,4,61.24,4272.0,DE,Android,0,1,50.83,1
3,1,55.38,3430.0,IN,Windows,0,0,59.84,0
12,1,42.22,2573.0,GB,macOS,0,1,87.95,0
21,2,61.67,42147.0,IN,Windows,0,0,81.81,0
9,2,67.24,5448.0,DE,Android,1,0,75.11,0
1,2,33.92,11992.0,GB,Linux,0,0,58.34,0
23,2,44.96,8581.0,DE,iOS,0,0,87.81,0
10,2,9.63,28759.0,IN,Linux,0,0,52.6,1
4,2,56.67,4031.0,IN,Android,0,1,96.66,0
14,3,69.46,2027.0,IN,Linux,0,1,56.94,0
7,3,39.85,21754.0,IN,Windows,0,0,54.31,0
22,1,47.67,10124.0,IN,macOS,0,0,70.54,0
7,3,40.6,7080.0,GB,Windows,0,0,73.83,0
13,0,37.32,16784.0,US,Android,0,0,71.75,0
13,2,49.64,7411.0,US,Windows,0,0,46.19,0
5,1,29.32,17256.0,GB,macOS,0,0,77.59,0
11,2,40.29,5987.0,IN,Linux,0,0,87.63,0
2,2,26.91,10113.0,IN,Linux,1,0,68.54,1
15,1,56.78,7488.0,IN,macOS,0,1,42.17,0
18,0,49.78,3789.0,DE,macOS,0,0,66.2,0
22,1,36.38,4170.0,IN,macOS,0,0,49.61,0
7,2,45.74,3589.0,IN,macOS,0,0,35.23,0
6,5,40.59,6078.0,IN,Linux,0,1,60.13,0
13,1,67.88,3413.0,US,Android,0,0,99.23,0
16,2,,6965.0,RU,Windows,0,0,68.51,0
23,3,57.7,6779.0,RU,Windows,1,1,65.09,0
0,2,30.9,5791.0,IN,macOS,0,0,82.78,1
5,0,61.28,5872.0,US,Linux,0,0,81.0,0
6,2,65.75,3125.0,IN,iOS,1,0,43.62,0
6,0,66.69,3922.0,SG,iOS,0,0,100.0,0
11,1,74.42,1291.0,IN,Android,0,0,73.56,0
20,3,50.85,4465.0,IN,Linux,1,1,86.32,1
0,1,69.76,2234.0,IN,macOS,0,0,59.29,0
19,4,77.48,5323.0,,Windows,0,0,34.81,1
14,1,22.56,2775.0,CN,Windows,1,0,67.9,0
14,2,32.94,953.0,IN,Android,0,0,50.16,0
16,1,15.09,29791.0,CN,Android,0,0,91.08,0
2,0,66.22,4084.0,IN,Windows,0,0,44.49,0
17,2,14.83,15641.0,IN,Android,0,0,70.48,0
5,1,9.4,3224.0,DE,Android,1,1,80.79,0
12,0,23.05,19120.0,US,Windows,1,0,77.65,0
16,0,10.23,1956.0,RU,Windows,1,0,60.98,0
14,1,50.44,5658.0,US,Android,0,0,37.96,0
7,1,23.31,2051.0,US,Windows,1,1,42.87,0
9,1,11.19,39364.0,IN,Windows,0,0,56.37,0
11,0,44.16,4026.0,CN,Linux,0,1,44.62,0
0,2,45.34,9535.0,GB,Android,1,0,68.64,0
17,1,7.6,7048.0,US,Android,1,0,56.27,0
2,2,30.73,4815.0,SG,macOS,0,0,46.73,0
11,1,43.51,7437.0,IN,Android,0,0,44.39,0
15,2,37.86,14579.0,RU,macOS,0,0,41.35,0
1,0,38.41,8388.0,US,macOS,0,0,68.98,0
23,0,68.59,5597.0,SG,Windows,0,0,56.79,0
9,4,87.93,7446.0,DE,Linux,0,0,70.46,0
0,5,38.73,22743.0,IN,Linux,0,0,68.61,1
15,2,18.56,3521.0,DE,Windows,0,0,66.34,0
13,1,40.31,1115.0,DE,Linux,1,0,,0
15,1,48.89,2044.0,IN,Windows,0,1,43.48,0
18,2,43.93,2170.0,DE,Windows,0,0,81.75,0
11,0,57.21,2428.0,US,Linux,0,0,77.07,0
19,1,89.24,2496.0,SG,Windows,0,0,66.44,0
8,1,10.74,4823.0,SG,Windows,1,0,55.46,0
13,2,34.86,5991.0,IN,Android,0,0,70.71,0
3,3,75.82,5939.0,IN,Android,1,0,78.07,0
14,1,34.56,2740.0,IN,macOS,0,0,44.8,0
6,3,60.79,10885.0,DE,Windows,0,1,80.98,0
16,0,57.62,7537.0,RU,macOS,0,0,100.0,0
19,2,69.74,17414.0,DE,macOS,0,0,68.83,0
20,2,83.27,9676.0,SG,Windows,0,0,93.46,0
22,0,51.66,3716.0,US,Windows,0,0,78.55,0
2,0,10.08,13966.0,US,Linux,0,0,74.74,1
3,3,30.99,6117.0,CN,Linux,0,0,57.39,0
22,2,88.72,9306.0,IN,Windows,0,1,63.86,0
9,2,16.72,8746.0,IN,Windows,0,0,52.35,0
0,1,54.94,4449.0,,Linux,0,0,86.98,0
6,1,2.0,5338.0,IN,Linux,0,0,56.6,0
20,1,17.98,4424.0,US,Linux,0,0,100.0,0
8,1,62.74,2484.0,IN,iOS,0,0,77.89,0
1,0,45.72,884.0,IN,Windows,0,0,77.09,0
17,1,37.47,2821.0,IN,Android,0,0,46.18,0
4,0,28.71,5764.0,IN,Windows,0,0,81.98,0
8,0,5.07,11713.0,IN,macOS,0,0,66.03,0
0,0,58.87,9291.0,RU,macOS,0,0,59.85,0
14,2,39.34,3930.0,US,macOS,0,1,58.19,0
10,1,14.56,2852.0,SG,macOS,0,0,47.66,0
20,1,45.6,4256.0,IN,macOS,0,0,70.18,0
8,1,56.62,2253.0,IN,macOS,0,0,66.99,0
4,1,40.99,905.0,GB,Windows,0,0,46.36,0
3,3,47.32,1428.0,,Windows,0,0,79.27,0
4,2,45.76,14762.0,IN,Android,0,0,100.0,0
10,2,30.86,21717.0,US,Linux,0,0,44.37,0
2,1,46.09,8984.0,DE,Windows,1,0,67.96,0
9,1,59.7,4691.0,RU,iOS,0,0,99.85,0
20,0,65.69,1613.0,IN,iOS,1,0,56.01,0
18,2,60.81,4320.0,GB,Linux,1,0,77.91,0
15,6,31.5,8018.0,IN,Linux,1,0,77.07,1
21,1,57.72,9546.0,DE,Windows,0,0,81.85,0
18,0,54.31,8527.0,CN,Linux,1,0,100.0,0
15,1,30.81,12935.0,US,iOS,0,0,37.78,0
20,2,35.71,23257.0,IN,Windows,0,0,73.44,0
2,1,58.59,3555.0,SG,Windows,0,0,60.98,0
19,1,72.54,46363.0,,Android,0,1,,0
7,0,8.77,977.0,RU,Linux,0,0,70.81,0
17,2,77.8,2637.0,US,iOS,0,1,64.71,0
21,1,68.28,5768.0,CN,Windows,0,1,50.43,0
11,1,48.98,7625.0,IN,Windows,0,0,51.65,0
2,2,40.19,4250.0,DE,iOS,0,1,100.0,0
8,0,52.81,3306.0,IN,Windows,0,0,45.13,0
9,1,32.19,28626.0,GB,macOS,0,0,92.08,0
22,0,41.45,3182.0,CN,Windows,0,0,51.37,0
22,1,15.5,2174.0,GB,macOS,0,0,71.72,0
13,0,10.17,19009.0,DE,Windows,0,1,100.0,0
22,4,91.65,9695.0,IN,Android,1,0,84.31,1
10,1,46.26,11799.0,IN,iOS,0,0,44.11,0
9,1,49.07,5749.0,US,Windows,0,0,63.93,0
20,0,44.39,1635.0,,Windows,0,0,69.53,0
16,0,28.44,5259.0,IN,macOS,0,0,,0
12,1,38.86,1464.0,DE,iOS,0,0,70.85,0
10,3,46.82,5966.0,GB,Windows,1,1,67.14,0
16,0,41.07,8289.0,IN,iOS,0,0,100.0,0
18,2,29.96,11618.0,IN,Android,0,0,98.45,0
11,1,54.59,4565.0,IN,macOS,0,0,82.58,0
0,1,48.77,8942.0,GB,Linux,1,0,58.73,0
2,0,52.86,2385.0,RU,Linux,0,0,22.28,0
3,1,,10650.0,,macOS,0,0,46.98,0
11,1,41.59,8431.0,IN,macOS,0,0,42.21,0
14,2,41.62,2591.0,SG,Windows,0,0,68.9,0
19,1,74.65,7512.0,IN,Linux,1,1,86.88,0
5,1,26.12,11752.0,GB,Android,0,0,100.0,0
18,1,7.53,5234.0,IN,Linux,0,0,92.92,0
15,1,56.11,2545.0,RU,Linux,1,0,57.23,0
1,0,32.41,5666.0,DE,Windows,1,0,74.57,0
8,1,23.45,7646.0,IN,Windows,0,0,77.24,0
7,2,62.7,2530.0,IN,Windows,0,0,41.93,0
21,3,42.1,2195.0,IN,Linux,0,0,54.27,0
22,2,,7460.0,IN,macOS,1,0,62.25,0
19,0,83.7,9496.0,IN,macOS,1,0,,0
12,0,12.79,27441.0,US,Windows,0,0,76.96,0
11,1,43.27,8371.0,SG,Windows,0,0,46.34,0
7,2,7.21,1868.0,IN,Android,0,0,62.35,0
18,0,50.41,25130.0,IN,Windows,0,0,78.08,0
2,2,32.18,11430.0,SG,iOS,0,0,65.48,0
6,0,61.39,988.0,IN,macOS,1,1,63.59,0
3,0,44.65,2155.0,US,iOS,1,1,83.18,1
11,2,72.01,3317.0,DE,macOS,0,0,95.23,0
7,0,36.41,9609.0,DE,iOS,0,0,91.89,0
4,0,12.91,732.0,US,macOS,0,0,64.6,0
9,2,49.75,4468.0,CN,Windows,0,0,67.03,0
20,1,39.95,9181.0,IN,Android,0,0,64.44,0
13,2,8.61,509.0,IN,Windows,1,0,89.01,0
19,1,23.89,8932.0,IN,Linux,0,0,63.0,1
21,2,30.26,9834.0,IN,Windows,0,1,35.38,1
21,1,76.11,2497.0,IN,Android,0,1,78.68,0
8,0,59.15,1953.0,IN,macOS,0,0,79.53,0
21,4,38.05,2466.0,GB,Android,0,0,62.7,0
21,2,54.42,580.0,IN,Windows,0,1,100.0,0
23,2,4.21,3786.0,SG,iOS,0,0,60.24,0
8,3,33.7,5859.0,IN,Android,0,0,95.52,0
5,2,53.02,1853.0,GB,Linux,0,1,45.9,0
14,5,48.31,10696.0,IN,Windows,0,0,74.97,1
22,2,34.21,5335.0,IN,Windows,0,0,55.44,0
21,0,44.23,6051.0,GB,Windows,1,0,68.68,0
13,0,51.76,3563.0,IN,macOS,1,0,83.71,0
3,1,44.81,8906.0,GB,Windows,0,0,59.75,0
10,1,62.22,13800.0,GB,Linux,0,1,57.44,1
17,5,51.37,3547.0,GB,macOS,0,0,65.99,0
13,0,55.22,9035.0,US,Linux,1,0,100.0,0
8,0,79.27,9115.0,RU,Android,0,0,73.64,0
8,0,61.55,6866.0,IN,Windows,0,0,72.58,0
1,1,79.82,18801.0,CN,Linux,0,0,77.83,0
6,2,31.56,2748.0,IN,iOS,0,0,39.11,0
16,6,13.15,3508.0,IN,Windows,0,1,86.58,0
5,0,42.19,2640.0,RU,Linux,0,0,82.8,1
23,1,40.49,8778.0,IN,iOS,0,0,37.89,0
1,0,74.19,3952.0,SG,Linux,1,1,100.0,1
14,0,22.4,2817.0,US,Android,0,1,70.05,0
11,0,43.42,18593.0,RU,iOS,0,1,49.9,0
19,0,53.1,20902.0,IN,Windows,0,0,75.65,0
21,0,47.0,3778.0,US,Android,0,0,53.64,0
13,2,41.57,1646.0,IN,macOS,0,0,41.01,0
15,1,52.17,21825.0,IN,iOS,0,0,65.09,1
16,1,66.58,7162.0,GB,Linux,0,0,65.9,0
12,1,75.71,6881.0,DE,Android,0,1,41.66,0
4,4,45.66,5345.0,DE,Windows,0,1,55.95,1
10,1,28.68,2591.0,DE,macOS,0,0,51.4,0
5,0,75.69,3531.0,SG,macOS,0,1,63.57,0
11,3,23.45,8452.0,IN,iOS,0,0,81.66,0
14,0,80.81,3436.0,IN,Windows,0,0,72.54,0
5,1,71.88,6949.0,DE,Windows,1,0,69.41,1
5,1,74.79,4968.0,GB,iOS,0,0,37.15,0
19,0,58.71,2110.0,IN,macOS,0,0,69.49,0
9,0,2.75,17978.0,IN,Windows,1,0,50.42,0
4,1,24.22,7905.0,IN,Linux,0,1,39.08,0
17,2,51.14,6403.0,DE,iOS,0,0,85.8,0
17,1,31.49,7662.0,IN,iOS,0,0,46.04,0
19,0,38.69,1171.0,GB,Windows,0,0,71.69,0
18,1,57.26,3312.0,DE,Android,0,0,61.23,0
23,4,41.6,1448.0,CN,Linux,0,0,52.84,0
13,1,20.62,5430.0,IN,Linux,0,0,91.96,0
6,0,62.71,6379.0,RU,macOS,1,0,59.19,0
20,2,55.3,5503.0,GB,Windows,0,0,60.41,0
6,5,40.02,12618.0,IN,Linux,1,0,56.77,0
6,3,59.23,1483.0,IN,Windows,0,0,73.17,0
19,1,46.9,2593.0,IN,Windows,1,1,67.13,0
21,0,71.63,6846.0,IN,Windows,1,0,57.37,0
8,1,48.02,6070.0,IN,iOS,1,0,53.39,1
17,1,71.48,1716.0,IN,Linux,1,0,69.26,0
22,1,7.53,12800.0,SG,macOS,1,1,58.29,0
19,3,54.18,16892.0,IN,Windows,1,0,100.0,1
0,1,37.04,6908.0,IN,Android,0,0,60.54,1
15,2,27.82,1470.0,US,macOS,1,0,76.02,0
4,1,68.17,5585.0,SG,iOS,0,0,68.36,0
20,0,62.78,6453.0,CN,Windows,1,0,64.8,0
1,2,4.87,3954.0,RU,Linux,1,0,86.19,1
23,2,59.31,14441.0,RU,Windows,0,1,80.44,0
4,1,56.88,4479.0,IN,Windows,0,0,80.1,0
10,3,30.54,26466.0,US,Linux,0,0,79.9,0
5,0,28.29,9196.0,IN,Android,0,0,40.94,0
19,1,13.19,6129.0,RU,Windows,0,0,77.93,0
9,3,38.25,10263.0,IN,macOS,0,0,65.55,0
17,0,41.45,16726.0,US,macOS,0,1,60.77,0
1,1,60.94,10089.0,,Linux,0,0,100.0,0
10,0,50.39,4625.0,SG,macOS,1,0,43.47,0
21,0,23.8,2899.0,IN,Linux,0,0,68.37,0
22,2,49.78,2003.0,RU,iOS,0,0,66.92,0
5,0,39.92,697.0,RU,macOS,0,1,68.53,1
9,2,26.3,5650.0,IN,Android,0,0,51.75,0
9,1,13.21,3604.0,DE,Windows,0,0,,0
13,1,57.5,3762.0,IN,Android,1,1,49.77,0
12,1,53.93,11193.0,IN,iOS,0,0,75.1,0
2,0,56.14,4493.0,IN,Windows,1,1,72.82,0
18,1,30.44,22384.0,US,Linux,0,0,65.6,0
5,1,48.42,3107.0,IN,Android,0,0,68.69,0
7,1,17.49,2260.0,DE,Linux,0,0,98.51,0
20,2,,1797.0,DE,Linux,0,0,80.41,0
16,4,45.67,8762.0,IN,macOS,0,0,73.11,0
9,2,50.25,12347.0,IN,Android,0,0,77.64,0
21,4,12.42,3055.0,IN,Windows,1,0,70.72,1
9,1,23.85,2098.0,IN,Linux,0,0,79.94,0
13,2,37.69,16718.0,CN,Linux,1,0,59.09,0
5,2,64.17,1540.0,IN,Windows,0,0,100.0,0
4,3,28.74,11028.0,DE,Windows,0,0,73.38,1
11,0,47.81,3113.0,,macOS,0,0,100.0,0
13,0,49.91,6753.0,IN,Android,1,0,100.0,0
19,1,40.01,11632.0,US,iOS,1,0,60.93,0
9,2,,7194.0,SG,iOS,0,0,74.31,0
21,2,18.1,3881.0,US,iOS,0,0,76.58,0
14,1,31.88,15016.0,IN,Windows,0,0,86.81,0
1,2,73.69,6194.0,DE,Linux,0,0,72.36,0
17,1,75.1,50000.0,RU,Windows,0,0,91.72,0
13,0,61.86,1256.0,DE,macOS,0,0,38.34,0
9,2,67.01,1241.0,DE,iOS,0,1,59.02,0
11,2,8.48,10888.0,DE,Windows,1,0,66.56,0
7,3,26.03,4792.0,US,Linux,1,0,58.0,0
14,0,38.78,9266.0,IN,Linux,0,0,38.82,0
13,2,93.31,2041.0,RU,Windows,0,0,85.91,0
10,2,38.74,5132.0,IN,Android,0,0,50.07,0
6,2,59.9,7086.0,SG,Linux,0,0,57.86,0
9,4,52.57,3181.0,IN,Linux,0,0,83.59,0
11,3,52.12,5916.0,GB,iOS,0,0,92.04,0
11,0,44.53,1654.0,SG,Windows,0,1,59.82,0
7,2,21.0,6740.0,SG,Linux,0,0,51.34,0
13,1,2.0,15621.0,IN,macOS,0,1,55.36,0
5,1,70.64,1826.0,US,Linux,0,1,90.06,0
12,1,32.67,1740.0,IN,macOS,0,0,91.08,0
2,1,7.66,12733.0,IN,Linux,0,0,76.06,0
11,0,53.76,1716.0,US,Windows,0,1,74.45,0
18,0,53.38,9628.0,CN,Windows,0,0,,1
19,1,60.36,5137.0,CN,Android,0,0,78.37,0
16,1,67.31,3518.0,US,Windows,0,0,84.14,0
17,1,26.62,15886.0,DE,iOS,0,0,72.98,0
1,2,27.5,10327.0,IN,Windows,1,1,73.63,0
8,1,38.63,6147.0,IN,Android,0,0,51.43,0
15,1,61.43,878.0,DE,iOS,1,0,91.03,0
19,1,2.95,8689.0,SG,Windows,0,0,45.53,0
13,2,47.56,2087.0,DE,macOS,0,0,69.7,0
20,1,63.64,4117.0,IN,Android,1,0,78.24,0
6,3,62.82,4944.0,IN,macOS,1,0,90.54,0
3,3,59.17,22423.0,IN,Android,0,0,88.97,0
2,2,66.26,4013.0,SG,Windows,0,1,90.51,1
13,1,,1575.0,IN,iOS,0,0,64.56,0
15,2,77.27,15926.0,IN,Linux,1,0,100.0,1
6,1,51.61,8783.0,US,Windows,0,1,89.58,1
18,0,71.69,9049.0,IN,Linux,0,0,63.65,0
17,2,,16167.0,IN,Windows,0,0,64.81,1
8,0,9.92,19508.0,DE,Linux,1,0,83.69,1
5,1,80.73,2408.0,IN,Windows,0,0,61.59,0
17,1,26.47,1615.0,US,Android,0,0,47.01,0
16,1,38.78,9643.0,CN,Linux,1,1,71.49,0
4,0,55.55,3984.0,IN,Linux,1,0,29.1,0
6,3,60.46,4284.0,IN,iOS,0,1,76.45,0
11,1,66.57,2004.0,GB,iOS,0,0,81.48,0
12,1,49.47,7841.0,US,Android,0,0,65.21,0
3,3,23.91,6780.0,CN,Windows,0,1,90.7,0
22,0,59.13,4340.0,,iOS,1,0,85.34,0
9,2,59.45,1619.0,RU,Windows,0,0,51.66,0
9,2,8.7,12930.0,IN,Linux,0,1,70.8,1
1,2,73.37,6030.0,IN,iOS,1,0,60.65,0
21,1,2.0,12019.0,US,Windows,0,0,64.18,0
5,0,65.69,914.0,IN,Windows,1,0,90.63,0
23,0,32.32,5143.0,IN,Linux,0,0,81.26,1
11,1,59.11,2770.0,IN,Linux,0,1,57.08,0
20,1,55.2,5059.0,IN,Linux,0,0,74.04,0
4,0,44.26,10452.0,,Android,0,0,56.4,0
3,0,54.02,6607.0,IN,Android,1,1,61.27,0
19,1,43.27,4987.0,IN,iOS,0,0,97.71,0
19,0,59.28,4965.0,IN,Windows,0,0,100.0,0
13,3,88.71,1411.0,DE,macOS,0,1,100.0,0
0,3,18.18,2380.0,CN,Android,0,1,74.99,1
22,0,2.0,12053.0,IN,Windows,1,0,73.31,1
9,1,36.69,3280.0,CN,Linux,0,1,88.35,0
22,1,35.32,12238.0,GB,Windows,0,0,71.83,0
20,0,37.45,9519.0,RU,Windows,0,0,44.33,0
20,0,26.47,9930.0,US,Windows,0,0,100.0,0
16,0,62.45,6415.0,IN,macOS,0,0,48.62,0
16,1,17.37,3468.0,SG,macOS,1,1,91.74,0
12,1,54.02,4355.0,US,Windows,1,0,83.68,0
0,3,57.77,8203.0,,Linux,1,0,100.0,0
9,1,51.33,897.0,RU,Windows,0,0,85.53,0
17,2,54.74,13293.0,US,Windows,0,0,59.42,0
19,1,63.99,3294.0,US,iOS,1,0,89.54,0
13,1,46.07,4587.0,IN,Linux,0,0,63.46,0
17,0,38.07,4619.0,GB,Android,1,0,52.41,0
0,3,54.73,4761.0,GB,Windows,0,0,37.03,0
11,3,57.01,1718.0,GB,Windows,1,0,67.77,0
12,0,62.79,5549.0,IN,Android,1,0,39.6,0
21,3,10.75,7907.0,CN,Windows,0,1,95.86,0
7,0,41.33,958.0,IN,Windows,1,1,41.72,0
5,0,23.69,1736.0,IN,macOS,0,0,63.16,0
8,2,56.22,10064.0,IN,Linux,0,0,63.93,0
4,0,59.53,8672.0,IN,iOS,0,0,73.09,0
13,1,39.51,6242.0,IN,iOS,1,0,54.39,0
15,2,30.41,2848.0,IN,Windows,0,0,90.43,0
19,1,56.94,8712.0,IN,Windows,0,0,72.94,0
23,0,42.34,1877.0,IN,macOS,0,0,69.68,0
1,1,73.53,4403.0,IN,Windows,1,1,58.29,0
5,1,80.46,1728.0,CN,Linux,1,0,79.89,0
7,0,65.01,4317.0,US,Windows,1,0,95.15,0
5,1,49.65,2155.0,IN,Android,0,0,100.0,1
19,2,81.51,8997.0,US,iOS,0,0,53.06,0
3,1,49.81,6950.0,US,Windows,0,0,67.54,0
0,0,35.42,3114.0,US,Windows,1,1,35.67,1
20,0,31.49,11757.0,IN,iOS,1,0,82.24,0
23,2,30.93,2287.0,GB,Windows,0,0,45.43,0
5,1,44.87,4778.0,IN,Windows,0,0,74.96,0
7,0,54.26,3005.0,IN,Windows,0,0,92.23,0
12,0,,8901.0,CN,Windows,0,0,62.58,0
12,1,36.02,8224.0,IN,Windows,0,1,53.22,0
23,1,49.26,13927.0,,Windows,0,0,93.73,0
9,1,,5252.0,IN,Windows,0,0,82.79,0
0,1,44.48,461.0,DE,Android,0,0,49.66,0
10,3,49.89,3482.0,IN,Windows,0,0,72.52,0
13,2,20.23,17192.0,IN,Android,0,0,54.63,0
12,2,26.76,3790.0,IN,macOS,1,0,89.09,0
12,2,43.78,1060.0,IN,Linux,0,0,72.21,0
22,1,55.21,7041.0,IN,iOS,0,0,97.5,0
19,1,49.63,7474.0,IN,Linux,1,0,53.23,0
6,1,28.02,2747.0,IN,Windows,0,1,74.09,0
8,0,40.27,4034.0,IN,Linux,1,0,69.78,0
16,0,75.24,2495.0,CN,Windows,1,0,74.58,0
9,0,55.89,7466.0,US,Windows,1,0,59.81,0
10,0,41.75,5142.0,IN,iOS,0,1,29.48,1
4,3,24.48,1934.0,IN,Android,0,1,82.22,1
6,1,30.73,4877.0,DE,Linux,0,0,70.97,0
17,3,45.13,2734.0,DE,Linux,0,0,55.04,0
20,1,50.52,15817.0,IN,Linux,0,0,60.97,1
18,1,56.31,10046.0,IN,Windows,0,0,48.95,0
7,3,52.76,4457.0,US,Windows,0,0,36.55,0
3,5,37.6,5244.0,,Linux,0,0,88.7,0
3,1,34.78,11059.0,IN,Windows,0,1,80.29,0
9,2,85.94,4277.0,IN,Windows,0,0,45.68,0
12,0,33.87,9016.0,DE,macOS,0,0,,0
21,1,19.17,16025.0,IN,Linux,0,0,49.72,0
21,2,12.23,3319.0,IN,Windows,0,0,82.86,0
0,1,37.94,18341.0,IN,iOS,0,0,70.07,1
16,1,63.8,14532.0,US,macOS,0,0,47.27,0
7,1,33.48,5996.0,US,Linux,0,0,76.29,0
4,1,74.55,3446.0,GB,Windows,1,0,,1
13,1,44.85,5937.0,US,macOS,0,0,58.53,0
0,1,67.19,4042.0,IN,macOS,0,0,,0
8,0,29.85,2607.0,IN,Linux,1,1,81.23,1
13,1,30.16,7524.0,CN,macOS,1,0,82.95,1
6,3,46.82,2167.0,RU,Windows,0,0,66.13,0
14,1,54.65,3749.0,IN,Windows,1,0,76.34,0
11,1,41.42,3788.0,GB,Android,0,0,69.52,0
19,4,50.85,1649.0,IN,Windows,0,1,78.99,0
4,0,56.77,8323.0,IN,Linux,1,0,,1
1,2,16.59,4094.0,IN,Android,0,1,27.26,1
12,2,38.18,13892.0,,Windows,0,0,94.41,0
6,0,34.63,4041.0,RU,iOS,0,0,69.73,0
16,1,35.6,3550.0,GB,Android,0,1,80.29,0
2,1,53.14,2383.0,DE,macOS,0,0,57.68,0
13,2,34.9,5071.0,IN,macOS,1,0,65.97,0
23,1,,5094.0,CN,Android,0,0,97.37,0
2,1,40.27,8897.0,IN,Windows,1,1,76.55,0
7,1,23.71,5185.0,CN,macOS,0,0,100.0,0
20,1,54.93,26242.0,IN,Windows,0,1,86.05,0
12,4,61.11,7080.0,IN,Android,1,0,57.97,0
4,5,2.0,2232.0,US,Linux,0,0,77.95,1
5,0,29.52,2086.0,IN,macOS,1,0,100.0,0
18,2,52.07,7539.0,IN,Windows,0,0,73.96,0
20,2,16.82,2176.0,GB,Windows,1,0,81.62,0
8,1,60.65,7910.0,DE,Android,0,0,95.43,0
11,1,65.99,10062.0,IN,Linux,0,0,27.78,0
18,1,41.76,10258.0,US,Linux,0,0,82.62,0
4,2,29.52,2452.0,US,macOS,1,0,94.24,0
4,2,2.0,10272.0,IN,Windows,0,1,56.18,0
18,0,61.28,6362.0,IN,Windows,1,0,88.82,0
4,1,85.05,3022.0,GB,Windows,0,1,69.91,0
18,1,80.91,4326.0,RU,iOS,1,0,39.54,0
11,1,41.1,7165.0,IN,Windows,1,1,84.23,1
23,0,23.15,2869.0,GB,Windows,1,0,69.83,1
0,1,61.75,6257.0,,iOS,0,0,68.66,0
22,1,42.46,15623.0,DE,Android,1,0,81.63,0
5,1,54.56,10628.0,SG,macOS,0,1,52.91,1
0,4,51.06,5248.0,US,Linux,0,0,83.89,0
17,1,,5927.0,IN,Android,0,1,53.58,0
12,1,65.57,3196.0,RU,iOS,1,0,97.23,0
20,1,66.31,3268.0,US,iOS,0,1,90.5,0
2,1,34.55,1437.0,US,macOS,1,1,97.68,1
1,1,26.54,6008.0,US,macOS,0,1,78.36,0
13,2,2.0,8485.0,IN,macOS,0,0,62.37,0
21,3,38.08,4644.0,IN,Android,0,1,57.02,0
9,1,23.13,2436.0,US,macOS,0,0,55.95,0
19,2,53.38,5182.0,IN,Windows,1,0,66.89,0
21,0,38.28,14377.0,IN,macOS,1,1,57.65,0
20,1,40.45,10081.0,DE,Linux,0,0,75.85,0
12,2,61.24,4800.0,,Windows,0,1,55.5,0
16,1,52.95,25284.0,DE,Windows,1,0,58.8,0
12,0,42.67,42573.0,IN,Windows,0,0,63.14,0
16,2,78.73,3347.0,US,Linux,0,0,56.03,0
13,2,59.76,4037.0,IN,Windows,1,0,63.84,0
12,1,36.68,8558.0,DE,macOS,0,0,80.51,0
10,0,,2368.0,US,iOS,0,0,54.09,0
15,2,60.77,9694.0,IN,Windows,0,0,48.33,0
18,1,49.06,5330.0,CN,Windows,0,0,66.79,0
22,1,22.58,6616.0,IN,Windows,0,0,49.49,0
14,0,62.89,3102.0,IN,Android,0,0,94.06,0
2,2,70.14,2617.0,DE,Windows,1,0,57.42,0
14,1,68.63,1004.0,US,Windows,1,0,70.87,0
7,2,75.85,16120.0,GB,Windows,1,0,78.17,0
0,2,86.38,10437.0,CN,Windows,1,0,47.28,1
1,1,79.6,8423.0,GB,macOS,0,0,54.8,0
14,0,51.81,6494.0,IN,macOS,0,0,58.66,0
22,0,40.83,778.0,IN,Windows,0,0,84.08,0
12,0,8.41,2695.0,RU,Linux,0,1,100.0,0
10,1,45.22,4004.0,IN,macOS,0,0,100.0,0
2,1,55.38,2069.0,US,iOS,0,0,92.92,1
16,0,45.87,1268.0,RU,macOS,0,0,47.68,1
1,1,7.24,2249.0,DE,Android,0,0,54.22,0
20,1,39.27,5112.0,IN,iOS,0,0,94.97,0
19,1,57.91,5113.0,DE,Linux,1,0,97.46,0
23,1,24.48,10158.0,IN,Windows,0,0,84.32,0
6,1,48.31,25605.0,RU,macOS,0,0,84.5,0
3,0,53.63,8507.0,US,Windows,0,0,,0
7,1,67.36,4271.0,US,Linux,1,0,100.0,0
19,2,79.25,20749.0,IN,macOS,0,0,56.84,0
5,2,37.44,1386.0,IN,Linux,0,0,41.01,0
21,0,48.68,932.0,IN,Windows,0,0,84.42,0
3,1,49.3,2418.0,DE,Linux,1,0,59.51,1
1,0,57.99,9412.0,US,Windows,0,0,46.63,0
5,0,55.75,5624.0,SG,Windows,0,0,85.8,0
18,1,73.5,1993.0,IN,Linux,1,0,37.09,0
14,1,2.0,2747.0,IN,Windows,0,0,78.18,0
8,2,53.36,1820.0,US,iOS,0,0,61.96,0
15,0,54.75,1820.0,GB,Linux,0,0,,0
15,1,40.3,16998.0,US,Android,0,0,78.23,0
13,1,2.0,4382.0,IN,iOS,1,0,89.33,1
12,1,43.78,20245.0,IN,Linux,0,0,50.48,0
2,3,30.79,2411.0,GB,Linux,1,0,39.51,0
6,2,78.56,7280.0,,Android,1,1,63.48,0
12,2,52.51,5894.0,SG,Windows,0,0,81.01,0
3,1,29.09,9934.0,DE,Linux,0,1,71.28,0
11,1,3.95,6025.0,GB,Windows,0,1,90.71,0
2,1,56.81,10808.0,DE,macOS,1,0,79.84,0
18,2,58.92,7657.0,DE,Android,0,1,51.11,0
2,1,40.68,2053.0,IN,macOS,1,0,78.36,0
2,1,57.07,8832.0,IN,Linux,0,1,73.09,0
15,0,38.03,4526.0,RU,Linux,0,1,92.87,0
5,3,66.34,2640.0,SG,Linux,1,0,53.33,0
8,1,64.85,8563.0,DE,macOS,0,0,58.06,0
7,3,12.22,10273.0,IN,iOS,0,0,77.14,0
5,0,17.1,3338.0,SG,Windows,1,0,95.45,1
18,2,85.63,3713.0,,Windows,0,0,66.41,0
16,4,63.64,1620.0,IN,Windows,0,0,80.74,0
5,1,19.75,1160.0,US,macOS,0,0,70.63,0
16,1,13.59,4049.0,US,iOS,1,0,69.24,1
17,1,49.16,9262.0,IN,Windows,1,0,90.73,0
12,0,22.15,3107.0,US,Linux,1,0,71.98,0
13,0,38.67,15402.0,DE,iOS,0,0,62.03,0
22,1,44.05,4171.0,IN,Windows,1,1,60.97,0
10,0,43.19,4185.0,,Android,0,0,64.47,1
9,0,67.53,3900.0,GB,iOS,0,0,57.54,0
12,1,81.7,10778.0,RU,Android,1,0,65.72,1
20,1,35.42,2282.0,RU,Windows,0,0,71.06,0
17,0,22.39,4433.0,IN,macOS,0,0,75.16,0
1,0,52.78,3172.0,US,Windows,0,0,52.27,0
11,1,77.63,3136.0,SG,Windows,1,0,62.43,0
17,0,36.94,5055.0,IN,Windows,0,0,63.31,0
5,0,62.01,4489.0,GB,Windows,0,0,56.26,0
23,1,28.26,11400.0,IN,iOS,1,0,59.57,0
19,0,45.43,4873.0,GB,macOS,0,0,86.21,0
20,3,21.76,7662.0,IN,Windows,1,0,94.55,0
1,4,45.22,5643.0,IN,Linux,0,0,64.37,0
13,2,42.67,15108.0,IN,macOS,0,1,57.2,0
12,0,57.16,3859.0,IN,Windows,0,0,,0
15,1,80.56,3867.0,IN,Windows,0,1,71.52,0
20,2,37.22,8920.0,IN,Linux,1,0,82.46,0
8,0,5.01,3817.0,US,Android,0,0,62.87,0
12,3,40.96,7323.0,IN,Windows,0,0,60.24,0
16,0,50.99,31899.0,IN,Android,0,0,100.0,1
18,0,49.04,2246.0,IN,macOS,1,0,46.72,0
18,0,41.85,16736.0,CN,Linux,0,0,86.22,0
8,1,74.75,3315.0,IN,Windows,0,0,96.81,0
23,0,47.72,14330.0,GB,Linux,1,0,65.43,0
0,1,42.9,8509.0,IN,Windows,0,0,77.92,1
11,0,29.45,7945.0,IN,Windows,1,0,39.82,0
14,1,10.07,4356.0,SG,Android,0,1,70.45,0
1,2,51.58,4022.0,GB,Linux,0,0,90.87,0
10,2,49.91,2758.0,GB,Windows,0,0,72.17,0
14,2,23.81,4940.0,IN,Windows,1,0,70.69,0
14,1,44.11,4242.0,IN,Windows,1,0,100.0,0
2,1,42.12,5726.0,IN,iOS,0,1,84.74,1
6,2,32.51,1590.0,IN,Windows,1,0,82.75,1
5,0,29.13,5005.0,RU,Linux,1,0,55.41,0
15,1,53.1,13496.0,IN,macOS,0,0,25.99,1
7,0,40.48,10459.0,IN,Windows,0,1,76.71,1
13,0,33.18,5006.0,IN,Linux,0,0,70.1,0
17,1,27.77,38175.0,IN,macOS,0,0,83.73,0
19,2,42.4,3097.0,IN,Android,1,0,,0
4,1,63.49,4586.0,IN,macOS,0,0,70.8,0
21,0,49.13,1540.0,CN,Windows,1,1,70.55,0
3,1,40.26,3558.0,,Windows,1,0,50.03,0
0,2,51.17,20543.0,IN,Windows,1,0,36.79,0
1,2,72.29,3669.0,IN,Linux,1,0,54.06,0
4,2,54.81,1448.0,US,iOS,1,0,50.15,0
20,1,50.2,9873.0,IN,Windows,0,1,69.18,0
4,0,57.77,6710.0,RU,Windows,1,0,40.61,0
16,0,41.84,9552.0,,Linux,1,0,61.43,0
10,3,48.68,3875.0,IN,Windows,0,0,100.0,0
0,1,35.22,2196.0,DE,Linux,0,0,68.66,0
10,1,13.99,4243.0,IN,Windows,1,0,70.87,1
0,0,51.86,7661.0,IN,Android,0,1,70.28,0
11,2,51.93,4638.0,US,Windows,0,0,73.81,0
13,4,39.25,6703.0,IN,Linux,0,0,60.52,1
12,0,65.72,3199.0,IN,macOS,0,0,67.03,0
6,0,30.57,6906.0,RU,Windows,0,0,60.24,0
18,1,9.57,4903.0,SG,Windows,0,0,43.13,0
14,2,31.06,2794.0,IN,Linux,1,0,91.11,0
6,2,14.18,5497.0,RU,Android,0,0,54.12,0
10,2,51.76,3607.0,IN,Linux,0,0,98.81,0
2,0,29.96,8052.0,SG,Linux,0,0,56.23,0
22,2,64.69,9883.0,IN,Linux,0,0,45.55,0
18,1,64.28,7341.0,US,Linux,0,0,100.0,0
6,0,26.5,1329.0,GB,macOS,1,0,43.37,0
16,1,28.84,2271.0,IN,Windows,0,0,29.24,0
16,1,55.69,2953.0,RU,Linux,0,1,43.97,0
14,2,64.6,2599.0,IN,iOS,0,0,67.52,0
1,2,4.75,3183.0,CN,macOS,1,0,45.92,0
21,1,50.63,10303.0,IN,Linux,1,0,59.87,0
22,0,2.0,8595.0,IN,macOS,1,1,33.4,1
23,1,34.03,3501.0,IN,Linux,0,0,89.57,0
23,3,66.87,7891.0,IN,Linux,0,0,77.56,1
22,0,105.2,6394.0,US,Windows,0,0,47.21,0
17,1,40.22,4787.0,GB,Windows,0,1,28.32,0
1,4,20.06,12315.0,SG,Windows,0,0,53.73,0
11,0,34.73,2896.0,US,macOS,0,1,81.7,0
5,2,46.32,5127.0,US,Linux,1,0,89.38,0
5,0,31.6,2120.0,IN,iOS,1,0,65.76,1
19,1,26.5,2203.0,GB,Windows,1,0,60.97,0
19,1,36.46,1655.0,RU,Windows,1,0,59.59,0
12,1,52.91,2233.0,IN,macOS,0,0,75.48,0
17,2,41.61,5253.0,IN,Windows,0,0,85.87,0
3,5,27.37,3858.0,IN,Linux,1,0,67.42,1
5,1,31.6,3960.0,IN,Windows,0,0,63.27,0
20,2,36.72,3869.0,US,Windows,0,0,84.05,0
10,1,25.01,20296.0,IN,Linux,0,0,96.9,0
13,1,30.86,1979.0,SG,Linux,0,0,64.84,0
11,2,57.87,1817.0,IN,Windows,0,1,71.53,1
4,2,40.39,2499.0,IN,Windows,0,0,56.47,1
19,1,9.93,4640.0,IN,Windows,0,1,71.45,0
18,1,65.5,7419.0,IN,Windows,0,0,53.32,0
16,0,53.33,8062.0,DE,iOS,1,0,95.59,0
8,2,17.34,10464.0,RU,macOS,0,0,85.95,0
15,1,37.69,4507.0,IN,Windows,1,0,100.0,0
22,2,29.16,3579.0,IN,Windows,1,0,59.92,0
15,0,58.54,18156.0,DE,Windows,0,0,100.0,0
11,1,37.57,530.0,GB,Windows,0,0,74.4,0
6,1,43.54,5168.0,GB,iOS,0,0,67.59,0
12,0,41.22,6933.0,IN,Windows,0,0,92.65,0
8,0,15.4,22003.0,US,Android,1,1,51.63,1
14,0,73.11,1302.0,IN,Android,0,1,70.6,0
1,1,58.25,3512.0,IN,macOS,1,0,67.19,0
4,2,30.05,1659.0,RU,Linux,0,0,77.52,0
18,1,48.84,1166.0,IN,Windows,1,0,62.01,0
9,0,64.48,4173.0,IN,Android,0,1,60.29,0
10,0,46.11,9571.0,IN,Android,0,0,63.15,0
13,0,76.14,12897.0,IN,Linux,1,0,64.77,0
10,0,103.36,3212.0,,Windows,0,0,71.42,0
18,1,42.48,8377.0,IN,Windows,0,0,93.18,0
5,0,33.35,4196.0,IN,Windows,1,0,31.18,0
18,1,25.21,7671.0,SG,Windows,0,0,83.8,0
5,1,2.0,12377.0,IN,Linux,1,1,61.5,1
8,2,69.96,4207.0,IN,Android,0,0,66.78,0
14,2,37.93,11633.0,IN,macOS,0,0,50.44,0
21,2,62.51,1862.0,IN,macOS,0,1,70.83,0
5,1,66.53,8310.0,IN,macOS,0,0,,0
14,2,23.38,11237.0,US,macOS,0,0,65.95,0
1,1,26.38,10344.0,IN,Linux,0,0,80.5,0
1,3,,1905.0,GB,Android,0,0,81.44,0
18,1,43.6,4169.0,RU,Windows,0,0,95.56,0
17,2,31.79,6259.0,IN,iOS,1,0,59.34,0
9,0,24.1,7005.0,IN,Windows,0,0,82.28,0
14,0,42.17,5392.0,IN,macOS,1,0,81.4,0
9,2,75.16,15419.0,IN,Linux,1,0,71.58,0
6,1,58.71,1743.0,IN,Linux,1,0,100.0,0
10,1,48.64,4055.0,IN,Linux,0,0,58.51,0
7,0,76.77,1274.0,IN,Windows,1,0,72.72,0
19,2,72.92,8079.0,IN,macOS,0,0,75.49,0
9,2,51.68,7659.0,IN,Windows,1,1,48.44,0
7,2,100.52,50000.0,GB,Linux,0,0,92.77,0
12,2,40.05,11171.0,IN,Android,1,0,68.08,0
18,1,66.96,6407.0,DE,Linux,0,0,77.87,0
6,2,37.14,6026.0,US,Android,1,0,98.44,0
22,1,63.06,3815.0,IN,Windows,0,0,73.87,0
11,2,40.03,5456.0,GB,Windows,0,0,70.73,0
15,1,54.23,6130.0,IN,Windows,1,1,71.2,0
22,3,92.8,1021.0,GB,Android,0,0,51.91,0
10,2,64.04,5753.0,IN,Android,0,1,63.15,0
4,2,54.54,5328.0,US,Android,0,1,67.27,0
17,0,29.51,19994.0,US,Linux,1,0,71.77,0
0,1,48.76,4423.0,US,Windows,0,0,94.82,0
10,3,24.84,2664.0,DE,Windows,0,0,86.72,0
23,3,,6093.0,,Linux,1,0,59.42,0
9,0,62.24,5216.0,IN,Windows,0,0,69.58,0
16,0,41.41,4427.0,IN,macOS,0,0,95.21,0
12,1,78.27,1767.0,IN,Android,1,0,38.97,0
5,2,75.46,4338.0,IN,Windows,0,0,65.91,0
7,1,47.99,3092.0,US,macOS,0,0,46.49,0
12,1,56.31,4133.0,US,Linux,0,0,100.0,0
2,0,33.23,8828.0,SG,Windows,0,0,83.9,0
9,0,39.56,2865.0,US,Windows,1,0,61.07,0
9,1,23.44,4118.0,DE,Linux,1,0,69.36,0
20,2,35.43,7578.0,RU,macOS,1,0,55.21,0
2,0,42.91,3962.0,IN,Linux,1,1,100.0,0
20,0,11.79,39630.0,DE,Windows,1,0,28.72,0
9,2,56.54,5997.0,IN,Windows,0,1,75.89,0
15,1,65.44,1820.0,IN,macOS,0,0,68.72,0
13,1,44.84,2511.0,CN,Windows,1,1,51.48,0
7,0,2.0,2317.0,IN,macOS,0,0,65.48,0
22,1,39.94,2540.0,RU,Windows,1,1,40.83,1
5,1,17.13,7552.0,SG,macOS,1,0,98.26,0
0,0,32.81,2028.0,RU,Windows,0,0,70.46,0
18,1,74.04,3771.0,US,Windows,0,0,86.47,0
14,1,2.0,12261.0,US,Linux,0,0,61.28,0
21,0,28.67,3243.0,IN,macOS,1,0,94.2,0
10,1,61.59,8410.0,IN,iOS,1,0,70.63,0
0,1,30.96,1279.0,SG,iOS,0,1,89.31,0
0,1,29.43,3654.0,IN,Linux,0,1,80.21,0
10,0,85.65,2419.0,IN,macOS,0,0,69.39,0
5,3,52.57,6247.0,CN,Linux,0,0,87.99,0
22,0,63.69,2148.0,IN,Linux,0,0,100.0,0
2,1,54.89,25738.0,SG,Windows,1,0,49.64,1
21,1,48.23,1324.0,IN,macOS,0,0,67.82,0
5,1,70.28,12193.0,IN,iOS,1,0,46.71,0
2,1,83.11,9923.0,US,Windows,1,0,77.46,0
6,2,11.33,6297.0,IN,Windows,1,0,74.06,0
3,2,44.29,5134.0,SG,Windows,0,0,100.0,0
9,4,44.14,21676.0,IN,Linux,0,0,65.38,0
7,1,36.41,35482.0,IN,Linux,0,0,87.13,0
12,0,64.62,4164.0,SG,Windows,0,1,,0
12,1,50.14,5576.0,IN,Linux,0,0,72.73,0
0,0,83.51,3159.0,US,Android,0,0,54.34,1
2,1,67.01,1929.0,IN,Windows,1,0,80.66,0
3,2,72.29,7119.0,RU,macOS,0,0,90.72,0
4,0,,6001.0,RU,Android,0,0,,1
2,3,28.88,1355.0,US,Linux,0,0,79.73,0
7,0,30.53,7078.0,IN,Windows,0,0,63.58,0
13,1,71.46,6164.0,CN,iOS,0,0,70.85,0
7,4,25.66,3038.0,RU,Windows,0,0,77.4,0
7,2,26.24,2884.0,US,Windows,0,1,51.93,1
11,3,22.57,6898.0,GB,Windows,0,0,52.02,0
13,1,100.06,17803.0,IN,Android,0,0,85.61,0
7,0,42.16,6760.0,IN,Windows,0,0,57.81,0
5,2,55.6,9176.0,GB,Linux,0,0,93.03,0
9,0,22.19,2526.0,GB,macOS,0,0,38.05,0
0,1,64.19,3528.0,US,Linux,1,0,86.84,0
11,3,9.53,7994.0,SG,macOS,0,0,70.15,0
22,0,25.42,1658.0,IN,Windows,0,0,68.32,0
9,1,30.37,5801.0,RU,macOS,0,0,72.65,0
2,0,49.38,7293.0,IN,Windows,0,0,43.97,0
16,1,29.14,4766.0,CN,Windows,0,0,,0
3,0,75.48,6345.0,IN,Windows,0,1,62.25,0
4,1,55.06,5147.0,IN,Linux,1,0,54.98,0
3,0,31.21,2988.0,US,Windows,1,0,100.0,0
21,3,64.95,1915.0,IN,Linux,1,0,63.72,0
23,1,37.13,4572.0,IN,Windows,0,0,54.45,0
13,1,33.19,13955.0,DE,Linux,1,0,84.63,1
14,2,62.92,11153.0,IN,Windows,1,1,74.74,0
15,2,2.0,3728.0,SG,Linux,1,0,,0
14,2,59.7,3667.0,IN,Android,0,0,71.5,0
13,0,30.74,3457.0,IN,Windows,0,1,87.19,0
23,2,30.71,3458.0,IN,macOS,0,0,100.0,0
17,2,84.16,6187.0,IN,Linux,0,0,56.36,0
2,0,34.38,11453.0,IN,Windows,0,1,61.74,0
9,2,64.12,30039.0,IN,Windows,1,0,41.15,0
23,1,50.58,2530.0,IN,Windows,0,1,76.84,0
9,3,52.66,8275.0,IN,macOS,0,1,72.25,0
4,1,39.99,7585.0,US,Windows,0,0,92.73,0
20,3,38.95,3775.0,IN,iOS,0,0,69.48,0
14,0,75.56,2163.0,IN,macOS,0,0,68.48,0
13,3,63.61,6126.0,IN,Linux,0,0,73.52,0
10,1,35.01,26793.0,RU,iOS,0,1,65.79,0
2,1,24.08,6095.0,IN,Windows,0,0,76.62,0
9,2,33.31,2618.0,RU,macOS,1,0,,0
10,0,64.63,4334.0,IN,Windows,0,0,79.7,0
22,0,68.57,1974.0,CN,Linux,0,0,65.9,0
7,2,56.1,4988.0,IN,Windows,0,0,79.9,0
3,1,12.66,8491.0,US,Android,0,0,81.11,0
10,2,60.08,2824.0,IN,Windows,0,0,64.13,0
23,1,71.07,363.0,CN,Linux,0,0,68.53,0
11,0,48.47,6133.0,IN,iOS,0,0,66.83,0
9,0,84.6,3290.0,DE,Windows,1,0,47.91,0
16,1,18.58,2696.0,IN,iOS,0,1,61.26,0
15,0,58.7,2677.0,US,Linux,0,1,83.69,0
7,2,24.6,6770.0,DE,Android,1,0,85.23,1
23,1,66.17,3546.0,IN,Linux,0,0,76.09,0
14,0,57.26,10346.0,GB,Android,0,1,51.76,0
1,2,81.03,10530.0,DE,Android,0,0,87.62,0
9,1,54.99,3958.0,US,Linux,1,0,100.0,0
22,1,36.92,3240.0,IN,macOS,1,0,80.68,0
9,2,,5443.0,IN,iOS,0,0,69.95,0
13,2,40.0,4375.0,DE,macOS,0,0,54.45,0
14,0,34.79,1210.0,IN,iOS,0,0,69.75,0
16,1,71.94,22726.0,GB,macOS,0,0,61.09,0
20,0,70.51,8703.0,IN,Windows,1,1,66.42,1
3,1,15.07,3392.0,CN,Android,0,0,93.21,0
12,2,45.77,1061.0,US,macOS,0,0,85.9,0
12,4,46.25,4254.0,IN,Windows,0,0,63.83,0
3,1,29.37,3071.0,SG,Windows,1,0,71.58,1
16,0,53.76,4682.0,SG,Windows,1,0,69.91,0
2,1,74.22,870.0,IN,macOS,0,0,62.2,0
10,3,62.84,3368.0,IN,Android,1,0,45.82,0
7,4,71.94,3537.0,IN,Android,1,0,84.9,1
3,0,30.63,4214.0,IN,Windows,1,0,91.27,0
19,0,45.73,4069.0,IN,Windows,0,1,59.07,0
5,2,29.69,5125.0,IN,Windows,0,1,58.24,0
6,1,49.79,16596.0,IN,macOS,1,0,86.34,0
20,2,51.59,3255.0,IN,Android,0,0,58.01,0
21,0,64.2,2371.0,IN,Android,0,0,45.04,0
0,2,71.27,1234.0,IN,Windows,1,0,62.01,0
6,2,58.78,3265.0,US,macOS,1,0,94.41,0
17,1,27.8,1602.0,IN,macOS,0,0,60.58,0
18,2,17.96,10594.0,IN,iOS,0,1,58.33,0
23,1,55.4,4551.0,SG,macOS,1,0,61.52,0
13,2,75.01,10421.0,US,Linux,0,0,49.29,0
0,1,44.5,15876.0,RU,Android,0,0,46.28,0
20,4,14.45,2460.0,CN,Windows,0,0,65.28,0
3,1,86.7,3722.0,US,Android,0,0,44.75,0
2,2,54.79,14262.0,,Android,0,0,62.83,0
16,0,48.42,5718.0,IN,Android,0,1,74.74,0
14,3,21.64,7459.0,GB,Windows,1,0,76.78,0
1,3,,11230.0,US,Android,0,0,67.47,0
4,1,58.74,10069.0,GB,Windows,0,0,48.43,0
14,2,55.06,6825.0,IN,macOS,0,0,62.6,0
6,3,31.4,15019.0,CN,iOS,0,0,76.21,0
16,0,43.86,4654.0,IN,Windows,1,0,81.17,1
9,1,32.68,7447.0,DE,macOS,0,0,65.09,0
14,2,78.28,4267.0,CN,macOS,1,1,57.33,0
11,1,62.9,11119.0,RU,Android,0,0,71.5,0
8,5,34.51,2806.0,IN,Windows,1,0,63.63,0
8,1,21.63,1279.0,IN,iOS,0,0,51.67,0
16,1,50.56,8299.0,GB,iOS,1,0,75.53,0
12,4,35.14,2173.0,US,macOS,0,0,70.33,0
14,1,36.63,2007.0,IN,Linux,0,0,50.06,0
13,1,22.3,13520.0,GB,macOS,0,0,58.64,0
4,1,24.77,10647.0,RU,Windows,0,1,66.59,0
21,2,48.25,3737.0,IN,macOS,0,0,42.57,0
13,0,39.66,430.0,IN,Windows,1,0,56.92,0
17,0,94.93,7530.0,,Windows,0,0,81.37,0
21,1,56.89,8350.0,US,Windows,0,0,61.18,0
22,1,,7431.0,RU,macOS,0,0,55.63,1
16,2,14.29,7163.0,DE,Linux,0,0,89.49,0
18,1,52.96,4251.0,IN,macOS,0,0,76.29,0
11,1,37.06,3539.0,GB,Windows,0,0,82.52,0
17,2,71.63,2029.0,RU,Windows,0,0,55.86,0
7,2,50.64,2813.0,IN,Linux,1,0,64.88,0
17,1,5.35,6356.0,IN,macOS,0,0,69.81,0
2,0,24.61,6440.0,GB,Windows,0,0,74.08,0
21,1,31.49,9245.0,IN,macOS,0,0,100.0,0
5,1,53.84,1595.0,CN,Linux,0,0,71.51,0
15,3,23.94,1303.0,IN,iOS,0,1,89.51,0
0,1,48.06,3627.0,IN,Linux,1,0,100.0,1
3,0,18.28,2173.0,CN,Windows,1,0,100.0,0
23,2,45.12,5703.0,IN,Windows,0,0,72.83,0
20,1,52.4,1723.0,IN,Windows,0,0,90.66,0
5,0,74.23,12634.0,IN,Windows,0,0,72.3,1
3,3,49.91,2546.0,CN,Android,0,0,69.3,0
19,1,28.67,17573.0,CN,macOS,0,0,85.14,0
23,0,74.86,7476.0,IN,Windows,0,0,85.9,0
4,1,41.34,2113.0,DE,Android,0,0,79.13,0
15,0,60.47,26260.0,DE,Windows,0,0,66.98,0
6,0,32.74,6078.0,IN,Android,0,0,61.31,0
17,0,46.82,5613.0,IN,Windows,1,0,48.28,0
10,0,28.97,4665.0,RU,Windows,1,1,72.92,0
3,2,51.45,7138.0,IN,macOS,0,0,74.26,0
7,1,61.08,7483.0,US,Windows,1,0,84.95,0
12,2,35.1,2460.0,IN,Windows,1,0,43.73,0
19,1,33.98,4143.0,US,Android,0,0,71.87,0
0,0,52.14,5391.0,IN,macOS,0,0,66.36,0
22,2,28.5,7834.0,IN,Android,0,0,68.96,0
15,2,14.64,7941.0,IN,macOS,1,0,92.41,0
21,1,52.06,5606.0,CN,Windows,1,0,93.07,0
22,0,42.85,3164.0,IN,macOS,0,0,88.28,0
3,1,42.42,3037.0,IN,Android,0,0,71.69,0
2,2,55.42,1895.0,IN,Windows,1,0,66.59,0
18,2,58.22,7896.0,IN,Windows,0,0,91.67,0
4,1,41.78,3003.0,SG,macOS,0,1,100.0,0
3,1,22.55,4216.0,IN,Android,0,0,98.78,0
11,0,32.23,5944.0,GB,Windows,1,0,78.81,0
21,1,56.7,4930.0,US,macOS,0,0,70.72,0
19,0,47.73,4893.0,RU,Windows,0,0,,0
12,0,34.0,2383.0,SG,Linux,0,0,83.59,0
4,2,29.31,6094.0,IN,macOS,0,0,62.8,0
8,1,57.36,3827.0,DE,Windows,0,1,66.54,0
16,1,40.57,4587.0,SG,Windows,0,0,100.0,0
3,1,60.05,12411.0,RU,macOS,0,0,62.79,0
12,2,62.59,7363.0,CN,Windows,1,0,85.33,0
0,2,38.74,3113.0,DE,Android,1,0,60.74,0
7,1,63.99,4363.0,IN,iOS,0,0,67.76,0
5,0,47.77,17669.0,IN,macOS,0,0,53.41,0
16,0,50.36,3843.0,RU,Android,0,0,53.45,0
21,2,2.0,5074.0,RU,iOS,0,0,81.11,0
3,2,25.58,8361.0,IN,macOS,0,0,78.97,1
19,2,26.67,5838.0,US,macOS,0,0,100.0,0
15,1,,3647.0,IN,Windows,0,0,70.47,0
23,0,47.29,2712.0,IN,Android,0,0,72.8,0
21,3,48.11,4875.0,IN,Windows,1,0,69.23,0
2,7,50.71,8320.0,IN,Windows,0,0,52.49,0
17,3,31.3,14139.0,DE,Linux,0,0,80.61,0
14,1,58.83,1522.0,IN,Windows,1,0,66.95,0
2,1,81.19,20135.0,US,Windows,0,0,44.16,0
6,1,37.93,3902.0,US,macOS,0,1,89.93,0
22,0,31.73,10300.0,SG,Windows,0,0,,0
13,2,31.29,2724.0,IN,Android,0,0,75.95,0
8,0,46.71,1355.0,IN,iOS,1,1,76.59,0
7,2,34.48,1719.0,GB,macOS,0,1,73.78,0
20,1,10.39,3772.0,DE,Windows,1,0,51.92,0
6,2,15.86,7475.0,IN,Linux,0,0,95.13,0
3,2,65.4,5039.0,IN,Windows,0,1,56.88,0
13,4,70.64,4023.0,CN,macOS,0,0,25.79,0
23,1,77.0,12021.0,IN,Windows,0,0,85.27,0
4,1,49.53,4923.0,IN,Linux,0,0,84.68,1
6,2,25.18,6148.0,CN,Windows,0,0,48.49,0
11,1,36.24,50000.0,SG,iOS,0,1,69.9,1
4,0,15.17,4883.0,IN,Windows,1,0,89.44,0
15,0,14.4,2817.0,SG,Linux,1,0,95.41,0
6,1,50.11,7221.0,IN,Windows,0,0,81.02,0
3,1,55.78,8842.0,SG,Linux,0,0,84.88,0
6,1,84.17,6253.0,GB,iOS,0,0,82.9,0
22,1,43.34,5572.0,IN,Windows,0,0,67.53,0
22,0,17.84,16087.0,RU,Windows,0,0,50.4,0
12,0,42.56,14557.0,SG,Windows,1,0,65.3,1
9,4,39.35,4475.0,IN,Linux,0,0,90.24,0
19,1,35.18,2937.0,DE,macOS,0,0,90.07,0
4,1,51.87,6928.0,SG,Android,0,0,73.66,0
15,0,20.71,2924.0,US,Android,0,1,64.0,0
16,1,47.61,9978.0,IN,Windows,1,0,,0
17,0,58.03,6900.0,IN,iOS,0,0,72.23,0
5,1,73.39,41607.0,,Android,0,0,81.47,0
17,1,51.21,15973.0,IN,macOS,0,0,48.28,0
14,2,65.86,2074.0,US,Windows,1,0,68.99,0
21,1,36.12,3245.0,US,macOS,0,0,89.55,0
4,1,38.91,1063.0,IN,macOS,0,1,45.35,0
14,0,71.96,889.0,IN,Windows,0,0,69.3,0
19,0,17.57,5383.0,IN,Windows,0,0,77.36,0
6,4,36.94,1893.0,IN,Linux,1,0,95.71,0
17,2,67.57,18269.0,RU,Linux,0,1,87.57,0
2,1,40.78,12411.0,IN,Windows,0,0,100.0,0
17,3,39.29,3955.0,IN,iOS,1,1,84.97,0
14,1,39.69,3780.0,US,Windows,1,0,86.01,0
4,0,47.34,16128.0,RU,Windows,0,0,52.8,0
1,3,66.72,19374.0,IN,Windows,0,0,52.29,0
17,1,63.48,2331.0,,macOS,1,0,100.0,1
5,0,45.23,2103.0,DE,Windows,0,1,61.84,0
11,1,66.85,3863.0,US,macOS,0,0,60.25,0
1,0,51.84,6939.0,US,Linux,0,0,28.46,0
23,1,62.18,3259.0,IN,Windows,1,0,89.08,0
13,1,24.43,7057.0,RU,Windows,0,1,49.86,0
22,0,79.77,23394.0,US,Linux,0,0,55.23,1
3,2,49.4,1596.0,SG,Linux,1,0,89.7,0
4,0,2.0,3441.0,CN,Windows,1,0,30.24,1
14,2,78.19,1620.0,DE,Linux,0,0,94.46,0
14,0,45.1,2517.0,IN,Linux,0,1,55.07,0
18,0,37.09,3883.0,DE,iOS,0,0,67.36,0
22,0,32.89,2747.0,US,macOS,0,0,56.03,1
19,0,53.79,7450.0,IN,Windows,0,0,46.06,0
3,0,27.23,5546.0,IN,Linux,0,0,56.34,0
7,0,33.46,6243.0,IN,Windows,1,0,55.11,0
21,1,33.94,3845.0,RU,Linux,0,0,47.84,1
13,2,39.16,4139.0,SG,Windows,0,0,97.76,0
20,3,34.7,3712.0,DE,iOS,0,0,52.55,0
13,0,62.06,4028.0,DE,Linux,0,0,36.03,0
1,1,50.42,6872.0,US,Android,0,1,32.84,1
11,0,52.86,1055.0,SG,Linux,0,1,77.84,0
19,0,57.21,6188.0,IN,Linux,1,0,38.79,0
15,2,43.14,2453.0,IN,Windows,0,0,66.79,0
3,2,24.59,3748.0,US,Windows,0,0,100.0,0
5,1,81.1,1409.0,SG,Android,1,0,73.27,0
20,4,63.55,3689.0,SG,Android,0,0,75.83,0
23,3,77.26,6138.0,CN,Windows,0,0,60.47,0
18,0,65.69,7085.0,DE,Linux,0,0,69.76,0
2,0,35.79,1903.0,IN,Windows,0,0,66.12,0
